{"train_losses": [3.594582921266556, 1.8753402292728425, 1.5861872613430024, 1.5645572125911713, 1.544829046726227, 1.5439819693565369, 1.373488199710846, 1.350882464647293, 1.9118929266929627, 1.599310177564621, 1.4517082512378692, 1.2788986623287202, 1.1683318346738816, 1.058314675092697, 1.07954241335392, 1.0746478497982026, 1.005174133181572, 1.0001022785902023], "dev_losses": [2.3233722448349, 1.554303988814354, 1.4835033416748047, 1.4940903633832932, 1.4956883549690247, 1.5420239627361298, 1.4393761932849884, 1.395612996816635, 1.4909869700670242, 1.461154744029045, 1.374194583296776, 1.4365524858236314, 1.426092830300331, 1.3891847670078277, 1.3678262948989868, 1.3586638867855072, 1.3523048996925353, 1.3548892199993134], "train_per_class_accuracies": [[0.7265625, 0.7734375, 0.699999988079071, 0.6937500238418579], [0.824999988079071, 0.824999988079071, 0.7796875238418579, 0.7828124761581421], [0.8343750238418579, 0.8421875238418579, 0.809374988079071, 0.7953125238418579], [0.8500000238418579, 0.8656250238418579, 0.8265625238418579, 0.7875000238418579], [0.839062511920929, 0.8609374761581421, 0.828125, 0.800000011920929], [0.856249988079071, 0.8453124761581421, 0.832812488079071, 0.7796875238418579], [0.8578125238418579, 0.885937511920929, 0.8421875238418579, 0.793749988079071], [0.859375, 0.8812500238418579, 0.8500000238418579, 0.8062499761581421], [0.815625011920929, 0.8609374761581421, 0.7718750238418579, 0.770312488079071], [0.8453124761581421, 0.8671875, 0.8374999761581421, 0.8125], [0.854687511920929, 0.8671875, 0.864062488079071, 0.8374999761581421], [0.870312511920929, 0.9046875238418579, 0.8734375238418579, 0.8656250238418579], [0.878125011920929, 0.9046875238418579, 0.885937511920929, 0.870312511920929], [0.887499988079071, 0.921875, 0.909375011920929, 0.8765624761581421], [0.8812500238418579, 0.921875, 0.9046875238418579, 0.878125011920929], [0.8687499761581421, 0.90625, 0.878125011920929, 0.901562511920929], [0.895312488079071, 0.9359375238418579, 0.8984375, 0.890625], [0.871874988079071, 0.921875, 0.926562488079071, 0.878125011920929]], "dev_per_class_accuracies": [[0.832812488079071, 0.699999988079071, 0.78125, 0.796875], [0.8140624761581421, 0.8765624761581421, 0.8031250238418579, 0.831250011920929], [0.8453124761581421, 0.8999999761581421, 0.8218749761581421, 0.828125], [0.839062511920929, 0.8984375, 0.815625011920929, 0.800000011920929], [0.839062511920929, 0.862500011920929, 0.8203125, 0.8062499761581421], [0.831250011920929, 0.90625, 0.8265625238418579, 0.796875], [0.823437511920929, 0.8921874761581421, 0.823437511920929, 0.8500000238418579], [0.840624988079071, 0.9046875238418579, 0.828125, 0.8421875238418579], [0.8500000238418579, 0.887499988079071, 0.8125, 0.8531249761581421], [0.8578125238418579, 0.895312488079071, 0.8218749761581421, 0.862500011920929], [0.871874988079071, 0.901562511920929, 0.8343750238418579, 0.859375], [0.8578125238418579, 0.8921874761581421, 0.824999988079071, 0.846875011920929], [0.8687499761581421, 0.8812500238418579, 0.8453124761581421, 0.846875011920929], [0.862500011920929, 0.8890625238418579, 0.84375, 0.856249988079071], [0.8656250238418579, 0.8890625238418579, 0.8374999761581421, 0.856249988079071], [0.8671875, 0.8890625238418579, 0.8296874761581421, 0.8609374761581421], [0.864062488079071, 0.893750011920929, 0.831250011920929, 0.859375], [0.864062488079071, 0.890625, 0.832812488079071, 0.864062488079071]], "train_average_accuracies": [0.7777343988418579, 0.831250011920929, 0.8488280773162842, 0.8382812142372131, 0.83203125, 0.8402343988418579, 0.8472656011581421, 0.8539062738418579, 0.8046875596046448, 0.840624988079071, 0.8558593988418579, 0.8785156011581421, 0.884765625, 0.8988281488418579, 0.896484375, 0.888671875, 0.905078113079071, 0.899609386920929], "dev_average_accuracies": [0.7234375476837158, 0.8031250238418579, 0.8203125, 0.8324218988418579, 0.83203125, 0.8285156488418579, 0.844921886920929, 0.8492187261581421, 0.8507812023162842, 0.8593749403953552, 0.8667968511581421, 0.85546875, 0.860546886920929, 0.8628906607627869, 0.862109363079071, 0.8617187738418579, 0.862109363079071, 0.8628906607627869], "best_epoch": 10, "best_acc": 0.8667968511581421}