{"train_losses": [3.594582921266556, 1.8753402292728425, 1.5861872613430024, 1.5645572125911713, 1.544829046726227, 1.5439819693565369, 1.373488199710846, 1.350882464647293, 1.637500423192978, 1.241465774178505, 1.001876962184906, 0.8121788203716278, 0.7182051479816437, 0.594639678299427, 0.5872870221734047, 0.5804789036512374, 0.546246737241745, 0.5081305608153344], "dev_losses": [2.3233722448349, 1.554303988814354, 1.4835033416748047, 1.4940903633832932, 1.4956883549690247, 1.5420239627361298, 1.4393761932849884, 1.395612996816635, 1.4656047254800797, 1.3291035026311875, 1.3881931126117706, 1.4880745112895966, 1.421602514386177, 1.375853455066681, 1.3747800946235658, 1.3675032764673234, 1.3641687214374543, 1.371164295077324], "train_per_class_accuracies": [[0.7265625, 0.7734375, 0.699999988079071, 0.6937500238418579], [0.824999988079071, 0.824999988079071, 0.7796875238418579, 0.7828124761581421], [0.8343750238418579, 0.8421875238418579, 0.809374988079071, 0.7953125238418579], [0.8500000238418579, 0.8656250238418579, 0.8265625238418579, 0.7875000238418579], [0.839062511920929, 0.8609374761581421, 0.828125, 0.800000011920929], [0.856249988079071, 0.8453124761581421, 0.832812488079071, 0.7796875238418579], [0.8578125238418579, 0.885937511920929, 0.8421875238418579, 0.793749988079071], [0.859375, 0.8812500238418579, 0.8500000238418579, 0.8062499761581421], [0.856249988079071, 0.8359375, 0.824999988079071, 0.784375011920929], [0.8500000238418579, 0.895312488079071, 0.870312511920929, 0.878125011920929], [0.8999999761581421, 0.9156249761581421, 0.8968750238418579, 0.8765624761581421], [0.9312499761581421, 0.940625011920929, 0.9203125238418579, 0.9046875238418579], [0.9156249761581421, 0.9515625238418579, 0.940625011920929, 0.917187511920929], [0.9390624761581421, 0.9546874761581421, 0.956250011920929, 0.932812511920929], [0.9359375238418579, 0.9609375, 0.956250011920929, 0.940625011920929], [0.9390624761581421, 0.940625011920929, 0.9593750238418579, 0.9312499761581421], [0.932812511920929, 0.964062511920929, 0.953125, 0.940625011920929], [0.9390624761581421, 0.9703124761581421, 0.9671875238418579, 0.956250011920929]], "dev_per_class_accuracies": [[0.832812488079071, 0.699999988079071, 0.78125, 0.796875], [0.8140624761581421, 0.8765624761581421, 0.8031250238418579, 0.831250011920929], [0.8453124761581421, 0.8999999761581421, 0.8218749761581421, 0.828125], [0.839062511920929, 0.8984375, 0.815625011920929, 0.800000011920929], [0.839062511920929, 0.862500011920929, 0.8203125, 0.8062499761581421], [0.831250011920929, 0.90625, 0.8265625238418579, 0.796875], [0.823437511920929, 0.8921874761581421, 0.823437511920929, 0.8500000238418579], [0.840624988079071, 0.9046875238418579, 0.828125, 0.8421875238418579], [0.862500011920929, 0.9046875238418579, 0.8296874761581421, 0.84375], [0.856249988079071, 0.9078124761581421, 0.8359375, 0.848437488079071], [0.8531249761581421, 0.9140625, 0.832812488079071, 0.8453124761581421], [0.854687511920929, 0.901562511920929, 0.8218749761581421, 0.854687511920929], [0.856249988079071, 0.890625, 0.8359375, 0.854687511920929], [0.8578125238418579, 0.8999999761581421, 0.8453124761581421, 0.862500011920929], [0.8515625, 0.903124988079071, 0.840624988079071, 0.856249988079071], [0.862500011920929, 0.901562511920929, 0.84375, 0.864062488079071], [0.864062488079071, 0.9046875238418579, 0.8421875238418579, 0.859375], [0.859375, 0.903124988079071, 0.840624988079071, 0.8531249761581421]], "train_average_accuracies": [0.7777343988418579, 0.831250011920929, 0.8488280773162842, 0.8382812142372131, 0.83203125, 0.8402343988418579, 0.8472656011581421, 0.8539062738418579, 0.825390636920929, 0.8734374642372131, 0.8972656726837158, 0.9242187738418579, 0.9312499761581421, 0.9457030892372131, 0.948437511920929, 0.9425781965255737, 0.9476562142372131, 0.958203136920929], "dev_average_accuracies": [0.7234375476837158, 0.8031250238418579, 0.8203125, 0.8324218988418579, 0.83203125, 0.8285156488418579, 0.844921886920929, 0.8492187261581421, 0.8601562976837158, 0.862109363079071, 0.861328125, 0.858203113079071, 0.859375, 0.866406261920929, 0.8628906607627869, 0.867968738079071, 0.8675781488418579, 0.8640625476837158], "best_epoch": 15, "best_acc": 0.867968738079071}