{"train_losses": [3.594582921266556, 1.8753402292728425, 1.5861872613430024, 1.5645572125911713, 1.544829046726227, 1.5439819693565369, 1.373488199710846, 1.350882464647293, 1.3985723078250885, 0.975002446770668, 0.8210617542266846, 0.6325121745467186, 0.5295246616005898, 0.41917484551668166, 0.38687644600868226, 0.39457445293664933, 0.3524174399673939, 0.3296514183282852], "dev_losses": [2.3233722448349, 1.554303988814354, 1.4835033416748047, 1.4940903633832932, 1.4956883549690247, 1.5420239627361298, 1.4393761932849884, 1.395612996816635, 1.3784066170454026, 1.3824332982301712, 1.4215866327285767, 1.4733852982521056, 1.4860962063074112, 1.4276202589273452, 1.4239207834005356, 1.4353861689567566, 1.417659756541252, 1.416009432077408], "train_per_class_accuracies": [[0.7265625, 0.7734375, 0.699999988079071, 0.6937500238418579], [0.824999988079071, 0.824999988079071, 0.7796875238418579, 0.7828124761581421], [0.8343750238418579, 0.8421875238418579, 0.809374988079071, 0.7953125238418579], [0.8500000238418579, 0.8656250238418579, 0.8265625238418579, 0.7875000238418579], [0.839062511920929, 0.8609374761581421, 0.828125, 0.800000011920929], [0.856249988079071, 0.8453124761581421, 0.832812488079071, 0.7796875238418579], [0.8578125238418579, 0.885937511920929, 0.8421875238418579, 0.793749988079071], [0.859375, 0.8812500238418579, 0.8500000238418579, 0.8062499761581421], [0.8531249761581421, 0.885937511920929, 0.8609374761581421, 0.8187500238418579], [0.890625, 0.917187511920929, 0.8890625238418579, 0.864062488079071], [0.90625, 0.9281250238418579, 0.9234374761581421, 0.878125011920929], [0.9234374761581421, 0.9515625238418579, 0.9468749761581421, 0.921875], [0.9375, 0.9703124761581421, 0.956250011920929, 0.9156249761581421], [0.9546874761581421, 0.973437488079071, 0.9546874761581421, 0.956250011920929], [0.964062511920929, 0.9750000238418579, 0.9671875238418579, 0.9703124761581421], [0.956250011920929, 0.9703124761581421, 0.9703124761581421, 0.957812488079071], [0.965624988079071, 0.971875011920929, 0.9703124761581421, 0.9703124761581421], [0.9703124761581421, 0.984375, 0.973437488079071, 0.9750000238418579]], "dev_per_class_accuracies": [[0.832812488079071, 0.699999988079071, 0.78125, 0.796875], [0.8140624761581421, 0.8765624761581421, 0.8031250238418579, 0.831250011920929], [0.8453124761581421, 0.8999999761581421, 0.8218749761581421, 0.828125], [0.839062511920929, 0.8984375, 0.815625011920929, 0.800000011920929], [0.839062511920929, 0.862500011920929, 0.8203125, 0.8062499761581421], [0.831250011920929, 0.90625, 0.8265625238418579, 0.796875], [0.823437511920929, 0.8921874761581421, 0.823437511920929, 0.8500000238418579], [0.840624988079071, 0.9046875238418579, 0.828125, 0.8421875238418579], [0.854687511920929, 0.8890625238418579, 0.823437511920929, 0.875], [0.848437488079071, 0.895312488079071, 0.8296874761581421, 0.859375], [0.8531249761581421, 0.903124988079071, 0.8374999761581421, 0.862500011920929], [0.8515625, 0.893750011920929, 0.8343750238418579, 0.8765624761581421], [0.856249988079071, 0.901562511920929, 0.8343750238418579, 0.8687499761581421], [0.8500000238418579, 0.901562511920929, 0.831250011920929, 0.8578125238418579], [0.8515625, 0.903124988079071, 0.828125, 0.854687511920929], [0.854687511920929, 0.9046875238418579, 0.824999988079071, 0.856249988079071], [0.854687511920929, 0.903124988079071, 0.824999988079071, 0.864062488079071], [0.8531249761581421, 0.901562511920929, 0.824999988079071, 0.856249988079071]], "train_average_accuracies": [0.7777343988418579, 0.831250011920929, 0.8488280773162842, 0.8382812142372131, 0.83203125, 0.8402343988418579, 0.8472656011581421, 0.8539062738418579, 0.8546874523162842, 0.8902344107627869, 0.908984363079071, 0.9359375238418579, 0.9449218511581421, 0.959765613079071, 0.9691406488418579, 0.963671863079071, 0.9695312976837158, 0.9757812023162842], "dev_average_accuracies": [0.7234375476837158, 0.8031250238418579, 0.8203125, 0.8324218988418579, 0.83203125, 0.8285156488418579, 0.844921886920929, 0.8492187261581421, 0.860546886920929, 0.858203113079071, 0.864062488079071, 0.8640625476837158, 0.865234375, 0.8601562976837158, 0.859375, 0.8601562976837158, 0.8617187738418579, 0.8589844107627869], "best_epoch": 12, "best_acc": 0.865234375}