{"train_losses": [3.594582921266556, 1.8753402292728425, 1.5861872613430024, 1.5645572125911713, 1.544829046726227, 1.5439819693565369, 1.373488199710846, 1.350882464647293, 1.9544358670711517, 1.699185061454773, 1.437712514400482, 1.2558390974998475, 1.1314722001552582, 1.0794395118951798, 1.064502838253975, 1.0560164600610733, 1.0812478810548782, 1.000549852848053], "dev_losses": [2.3233722448349, 1.554303988814354, 1.4835033416748047, 1.4940903633832932, 1.4956883549690247, 1.5420239627361298, 1.4393761932849884, 1.395612996816635, 1.4621062964200973, 1.4890121966600418, 1.3687273532152175, 1.5110025525093078, 1.3703349649906158, 1.3244614630937577, 1.3116718620061874, 1.3046297878026962, 1.2933428674936294, 1.2966662049293518], "train_per_class_accuracies": [[0.7265625, 0.7734375, 0.699999988079071, 0.6937500238418579], [0.824999988079071, 0.824999988079071, 0.7796875238418579, 0.7828124761581421], [0.8343750238418579, 0.8421875238418579, 0.809374988079071, 0.7953125238418579], [0.8500000238418579, 0.8656250238418579, 0.8265625238418579, 0.7875000238418579], [0.839062511920929, 0.8609374761581421, 0.828125, 0.800000011920929], [0.856249988079071, 0.8453124761581421, 0.832812488079071, 0.7796875238418579], [0.8578125238418579, 0.885937511920929, 0.8421875238418579, 0.793749988079071], [0.859375, 0.8812500238418579, 0.8500000238418579, 0.8062499761581421], [0.84375, 0.8359375, 0.778124988079071, 0.7359374761581421], [0.8374999761581421, 0.8609374761581421, 0.8296874761581421, 0.8062499761581421], [0.8343750238418579, 0.8734375238418579, 0.8578125238418579, 0.84375], [0.854687511920929, 0.8890625238418579, 0.885937511920929, 0.878125011920929], [0.8812500238418579, 0.893750011920929, 0.895312488079071, 0.885937511920929], [0.8984375, 0.9203125238418579, 0.8890625238418579, 0.895312488079071], [0.885937511920929, 0.9125000238418579, 0.9156249761581421, 0.8828125], [0.8921874761581421, 0.926562488079071, 0.893750011920929, 0.8656250238418579], [0.8921874761581421, 0.90625, 0.8890625238418579, 0.875], [0.9046875238418579, 0.932812511920929, 0.9140625, 0.9046875238418579]], "dev_per_class_accuracies": [[0.832812488079071, 0.699999988079071, 0.78125, 0.796875], [0.8140624761581421, 0.8765624761581421, 0.8031250238418579, 0.831250011920929], [0.8453124761581421, 0.8999999761581421, 0.8218749761581421, 0.828125], [0.839062511920929, 0.8984375, 0.815625011920929, 0.800000011920929], [0.839062511920929, 0.862500011920929, 0.8203125, 0.8062499761581421], [0.831250011920929, 0.90625, 0.8265625238418579, 0.796875], [0.823437511920929, 0.8921874761581421, 0.823437511920929, 0.8500000238418579], [0.840624988079071, 0.9046875238418579, 0.828125, 0.8421875238418579], [0.854687511920929, 0.887499988079071, 0.828125, 0.8531249761581421], [0.854687511920929, 0.8890625238418579, 0.815625011920929, 0.8500000238418579], [0.854687511920929, 0.8890625238418579, 0.831250011920929, 0.878125011920929], [0.8359375, 0.8984375, 0.8187500238418579, 0.8359375], [0.875, 0.9078124761581421, 0.8359375, 0.8656250238418579], [0.875, 0.9140625, 0.846875011920929, 0.8656250238418579], [0.879687488079071, 0.909375011920929, 0.840624988079071, 0.864062488079071], [0.871874988079071, 0.9078124761581421, 0.840624988079071, 0.8671875], [0.8671875, 0.90625, 0.8343750238418579, 0.8687499761581421], [0.871874988079071, 0.9046875238418579, 0.840624988079071, 0.870312511920929]], "train_average_accuracies": [0.7777343988418579, 0.831250011920929, 0.8488280773162842, 0.8382812142372131, 0.83203125, 0.8402343988418579, 0.8472656011581421, 0.8539062738418579, 0.7984374761581421, 0.8335937261581421, 0.8523437976837158, 0.876953125, 0.8890625238418579, 0.9007812738418579, 0.8992187976837158, 0.89453125, 0.890625, 0.9140625], "dev_average_accuracies": [0.7234375476837158, 0.8031250238418579, 0.8203125, 0.8324218988418579, 0.83203125, 0.8285156488418579, 0.844921886920929, 0.8492187261581421, 0.8558593988418579, 0.8523437976837158, 0.86328125, 0.8472656011581421, 0.87109375, 0.8753906488418579, 0.8734375238418579, 0.871874988079071, 0.869140625, 0.871874988079071], "best_epoch": 13, "best_acc": 0.8753906488418579}