{"train_losses": [3.594582921266556, 1.8753402292728425, 1.5861872613430024, 1.5645572125911713, 1.544829046726227, 1.5439819693565369, 1.373488199710846, 1.350882464647293, 1.5745541155338287, 1.1763642638921739, 0.9635145127773285, 0.8515639781951905, 0.706349278986454, 0.629886856675148, 0.6352159708738327, 0.548423120379448, 0.5380646049976349, 0.5578221261501313], "dev_losses": [2.3233722448349, 1.554303988814354, 1.4835033416748047, 1.4940903633832932, 1.4956883549690247, 1.5420239627361298, 1.4393761932849884, 1.395612996816635, 1.4192345649003983, 1.3871082425117494, 1.3384380429983138, 1.3690156579017638, 1.4056581467390061, 1.3662308692932128, 1.3615548014640808, 1.3483457654714583, 1.3338710963726044, 1.3416015297174453], "train_per_class_accuracies": [[0.7265625, 0.7734375, 0.699999988079071, 0.6937500238418579], [0.824999988079071, 0.824999988079071, 0.7796875238418579, 0.7828124761581421], [0.8343750238418579, 0.8421875238418579, 0.809374988079071, 0.7953125238418579], [0.8500000238418579, 0.8656250238418579, 0.8265625238418579, 0.7875000238418579], [0.839062511920929, 0.8609374761581421, 0.828125, 0.800000011920929], [0.856249988079071, 0.8453124761581421, 0.832812488079071, 0.7796875238418579], [0.8578125238418579, 0.885937511920929, 0.8421875238418579, 0.793749988079071], [0.859375, 0.8812500238418579, 0.8500000238418579, 0.8062499761581421], [0.8421875238418579, 0.8812500238418579, 0.815625011920929, 0.8046875], [0.8812500238418579, 0.901562511920929, 0.8812500238418579, 0.8374999761581421], [0.9125000238418579, 0.9203125238418579, 0.895312488079071, 0.8765624761581421], [0.901562511920929, 0.9281250238418579, 0.918749988079071, 0.895312488079071], [0.9078124761581421, 0.9515625238418579, 0.942187488079071, 0.909375011920929], [0.940625011920929, 0.957812488079071, 0.940625011920929, 0.9296875], [0.9312499761581421, 0.949999988079071, 0.9437500238418579, 0.926562488079071], [0.9437500238418579, 0.9546874761581421, 0.956250011920929, 0.932812511920929], [0.948437511920929, 0.96875, 0.953125, 0.940625011920929], [0.953125, 0.964062511920929, 0.948437511920929, 0.949999988079071]], "dev_per_class_accuracies": [[0.832812488079071, 0.699999988079071, 0.78125, 0.796875], [0.8140624761581421, 0.8765624761581421, 0.8031250238418579, 0.831250011920929], [0.8453124761581421, 0.8999999761581421, 0.8218749761581421, 0.828125], [0.839062511920929, 0.8984375, 0.815625011920929, 0.800000011920929], [0.839062511920929, 0.862500011920929, 0.8203125, 0.8062499761581421], [0.831250011920929, 0.90625, 0.8265625238418579, 0.796875], [0.823437511920929, 0.8921874761581421, 0.823437511920929, 0.8500000238418579], [0.840624988079071, 0.9046875238418579, 0.828125, 0.8421875238418579], [0.8578125238418579, 0.8999999761581421, 0.8296874761581421, 0.8500000238418579], [0.8500000238418579, 0.9046875238418579, 0.8453124761581421, 0.8656250238418579], [0.8453124761581421, 0.903124988079071, 0.840624988079071, 0.8765624761581421], [0.8609374761581421, 0.8968750238418579, 0.840624988079071, 0.8734375238418579], [0.864062488079071, 0.8843749761581421, 0.8453124761581421, 0.856249988079071], [0.8687499761581421, 0.893750011920929, 0.840624988079071, 0.8578125238418579], [0.862500011920929, 0.8890625238418579, 0.8421875238418579, 0.859375], [0.862500011920929, 0.895312488079071, 0.84375, 0.859375], [0.864062488079071, 0.895312488079071, 0.8453124761581421, 0.8671875], [0.864062488079071, 0.895312488079071, 0.8421875238418579, 0.8734375238418579]], "train_average_accuracies": [0.7777343988418579, 0.831250011920929, 0.8488280773162842, 0.8382812142372131, 0.83203125, 0.8402343988418579, 0.8472656011581421, 0.8539062738418579, 0.8359375, 0.8753906488418579, 0.9011719226837158, 0.9109375476837158, 0.927734375, 0.942187488079071, 0.9378905892372131, 0.9468749761581421, 0.9527343511581421, 0.953906238079071], "dev_average_accuracies": [0.7234375476837158, 0.8031250238418579, 0.8203125, 0.8324218988418579, 0.83203125, 0.8285156488418579, 0.844921886920929, 0.8492187261581421, 0.859375, 0.8664062023162842, 0.8664062023162842, 0.8679687976837158, 0.862500011920929, 0.865234375, 0.86328125, 0.865234375, 0.867968738079071, 0.8687499761581421], "best_epoch": 17, "best_acc": 0.8687499761581421}