{"train_losses": [3.594582921266556, 1.8753402292728425, 1.5861872613430024, 1.5645572125911713, 1.544829046726227, 1.5439819693565369, 1.373488199710846, 1.350882464647293, 1.552920436859131, 1.2527955889701843, 1.0309020221233367, 0.8872254490852356, 0.7265038520097733, 0.589309298992157, 0.5567451179027557, 0.629756024479866, 0.5686372712254524, 0.5324078440666199], "dev_losses": [2.3233722448349, 1.554303988814354, 1.4835033416748047, 1.4940903633832932, 1.4956883549690247, 1.5420239627361298, 1.4393761932849884, 1.395612996816635, 1.6385972261428834, 1.3895904570817947, 1.366972842812538, 1.5311563223600388, 1.3377748399972915, 1.3301096260547638, 1.3265780746936797, 1.3251386523246764, 1.3319175213575363, 1.3337672442197799], "train_per_class_accuracies": [[0.7265625, 0.7734375, 0.699999988079071, 0.6937500238418579], [0.824999988079071, 0.824999988079071, 0.7796875238418579, 0.7828124761581421], [0.8343750238418579, 0.8421875238418579, 0.809374988079071, 0.7953125238418579], [0.8500000238418579, 0.8656250238418579, 0.8265625238418579, 0.7875000238418579], [0.839062511920929, 0.8609374761581421, 0.828125, 0.800000011920929], [0.856249988079071, 0.8453124761581421, 0.832812488079071, 0.7796875238418579], [0.8578125238418579, 0.885937511920929, 0.8421875238418579, 0.793749988079071], [0.859375, 0.8812500238418579, 0.8500000238418579, 0.8062499761581421], [0.84375, 0.8687499761581421, 0.8062499761581421, 0.809374988079071], [0.856249988079071, 0.910937488079071, 0.856249988079071, 0.815625011920929], [0.8812500238418579, 0.9156249761581421, 0.8999999761581421, 0.8812500238418579], [0.8890625238418579, 0.926562488079071, 0.9234374761581421, 0.9046875238418579], [0.925000011920929, 0.9546874761581421, 0.948437511920929, 0.910937488079071], [0.9375, 0.948437511920929, 0.9546874761581421, 0.9359375238418579], [0.9390624761581421, 0.9609375, 0.9515625238418579, 0.940625011920929], [0.9281250238418579, 0.9515625238418579, 0.9515625238418579, 0.9281250238418579], [0.9453125, 0.9624999761581421, 0.956250011920929, 0.940625011920929], [0.9468749761581421, 0.9671875238418579, 0.9609375, 0.948437511920929]], "dev_per_class_accuracies": [[0.832812488079071, 0.699999988079071, 0.78125, 0.796875], [0.8140624761581421, 0.8765624761581421, 0.8031250238418579, 0.831250011920929], [0.8453124761581421, 0.8999999761581421, 0.8218749761581421, 0.828125], [0.839062511920929, 0.8984375, 0.815625011920929, 0.800000011920929], [0.839062511920929, 0.862500011920929, 0.8203125, 0.8062499761581421], [0.831250011920929, 0.90625, 0.8265625238418579, 0.796875], [0.823437511920929, 0.8921874761581421, 0.823437511920929, 0.8500000238418579], [0.840624988079071, 0.9046875238418579, 0.828125, 0.8421875238418579], [0.846875011920929, 0.8999999761581421, 0.796875, 0.832812488079071], [0.8500000238418579, 0.917187511920929, 0.832812488079071, 0.8515625], [0.859375, 0.909375011920929, 0.8374999761581421, 0.854687511920929], [0.8453124761581421, 0.9078124761581421, 0.8218749761581421, 0.839062511920929], [0.854687511920929, 0.8984375, 0.8421875238418579, 0.870312511920929], [0.8531249761581421, 0.9046875238418579, 0.8374999761581421, 0.8656250238418579], [0.859375, 0.903124988079071, 0.832812488079071, 0.8671875], [0.854687511920929, 0.903124988079071, 0.8374999761581421, 0.8578125238418579], [0.8531249761581421, 0.903124988079071, 0.839062511920929, 0.8671875], [0.8531249761581421, 0.901562511920929, 0.832812488079071, 0.8609374761581421]], "train_average_accuracies": [0.7777343988418579, 0.831250011920929, 0.8488280773162842, 0.8382812142372131, 0.83203125, 0.8402343988418579, 0.8472656011581421, 0.8539062738418579, 0.83203125, 0.8597655892372131, 0.89453125, 0.9109374284744263, 0.934765636920929, 0.9441405534744263, 0.948046863079071, 0.9398437738418579, 0.951171875, 0.955859363079071], "dev_average_accuracies": [0.7234375476837158, 0.8031250238418579, 0.8203125, 0.8324218988418579, 0.83203125, 0.8285156488418579, 0.844921886920929, 0.8492187261581421, 0.8441406488418579, 0.8628906607627869, 0.8652343153953552, 0.8535155653953552, 0.866406261920929, 0.865234375, 0.8656250238418579, 0.86328125, 0.8656249642372131, 0.8621094226837158], "best_epoch": 12, "best_acc": 0.866406261920929}