{"train_losses": [3.594582921266556, 1.8753402292728425, 1.5861872613430024, 1.5645572125911713, 1.544829046726227, 1.5439819693565369, 1.373488199710846, 1.350882464647293, 1.936423420906067, 1.7497970938682557, 1.369942343235016, 1.3304015457630158, 1.1708293080329895, 1.1020176619291306, 1.0719064027071, 0.9929612517356873, 0.9540329813957215, 1.033955129981041], "dev_losses": [2.3233722448349, 1.554303988814354, 1.4835033416748047, 1.4940903633832932, 1.4956883549690247, 1.5420239627361298, 1.4393761932849884, 1.395612996816635, 1.4437610030174255, 1.4227005779743194, 1.4042221784591675, 1.4840057045221329, 1.4300094336271285, 1.3648935288190842, 1.3470331370830535, 1.3475939333438873, 1.353540226817131, 1.3475660771131515], "train_per_class_accuracies": [[0.7265625, 0.7734375, 0.699999988079071, 0.6937500238418579], [0.824999988079071, 0.824999988079071, 0.7796875238418579, 0.7828124761581421], [0.8343750238418579, 0.8421875238418579, 0.809374988079071, 0.7953125238418579], [0.8500000238418579, 0.8656250238418579, 0.8265625238418579, 0.7875000238418579], [0.839062511920929, 0.8609374761581421, 0.828125, 0.800000011920929], [0.856249988079071, 0.8453124761581421, 0.832812488079071, 0.7796875238418579], [0.8578125238418579, 0.885937511920929, 0.8421875238418579, 0.793749988079071], [0.859375, 0.8812500238418579, 0.8500000238418579, 0.8062499761581421], [0.823437511920929, 0.8578125238418579, 0.793749988079071, 0.7718750238418579], [0.8265625238418579, 0.8734375238418579, 0.824999988079071, 0.800000011920929], [0.8374999761581421, 0.8828125, 0.8531249761581421, 0.84375], [0.856249988079071, 0.903124988079071, 0.875, 0.84375], [0.8734375238418579, 0.909375011920929, 0.8812500238418579, 0.887499988079071], [0.887499988079071, 0.921875, 0.8890625238418579, 0.8999999761581421], [0.8968750238418579, 0.890625, 0.901562511920929, 0.870312511920929], [0.8828125, 0.917187511920929, 0.909375011920929, 0.9078124761581421], [0.8890625238418579, 0.942187488079071, 0.917187511920929, 0.9156249761581421], [0.8921874761581421, 0.925000011920929, 0.895312488079071, 0.90625]], "dev_per_class_accuracies": [[0.832812488079071, 0.699999988079071, 0.78125, 0.796875], [0.8140624761581421, 0.8765624761581421, 0.8031250238418579, 0.831250011920929], [0.8453124761581421, 0.8999999761581421, 0.8218749761581421, 0.828125], [0.839062511920929, 0.8984375, 0.815625011920929, 0.800000011920929], [0.839062511920929, 0.862500011920929, 0.8203125, 0.8062499761581421], [0.831250011920929, 0.90625, 0.8265625238418579, 0.796875], [0.823437511920929, 0.8921874761581421, 0.823437511920929, 0.8500000238418579], [0.840624988079071, 0.9046875238418579, 0.828125, 0.8421875238418579], [0.8453124761581421, 0.910937488079071, 0.8203125, 0.854687511920929], [0.8578125238418579, 0.901562511920929, 0.8187500238418579, 0.84375], [0.8531249761581421, 0.890625, 0.831250011920929, 0.8578125238418579], [0.8531249761581421, 0.8921874761581421, 0.8265625238418579, 0.8343750238418579], [0.8578125238418579, 0.9078124761581421, 0.840624988079071, 0.84375], [0.859375, 0.9078124761581421, 0.8296874761581421, 0.8453124761581421], [0.859375, 0.9078124761581421, 0.831250011920929, 0.846875011920929], [0.859375, 0.9046875238418579, 0.8265625238418579, 0.848437488079071], [0.8671875, 0.901562511920929, 0.823437511920929, 0.8500000238418579], [0.8671875, 0.909375011920929, 0.828125, 0.846875011920929]], "train_average_accuracies": [0.7777343988418579, 0.831250011920929, 0.8488280773162842, 0.8382812142372131, 0.83203125, 0.8402343988418579, 0.8472656011581421, 0.8539062738418579, 0.8117188215255737, 0.831250011920929, 0.854296863079071, 0.8695312738418579, 0.887890636920929, 0.8996094465255737, 0.889843761920929, 0.904296875, 0.916015625, 0.9046875238418579], "dev_average_accuracies": [0.7234375476837158, 0.8031250238418579, 0.8203125, 0.8324218988418579, 0.83203125, 0.8285156488418579, 0.844921886920929, 0.8492187261581421, 0.8578124642372131, 0.85546875, 0.8582031726837158, 0.8515625, 0.862500011920929, 0.8605468273162842, 0.861328125, 0.8597656488418579, 0.8605468273162842, 0.8628906011581421], "best_epoch": 17, "best_acc": 0.8628906011581421}