{"train_losses": [2.319765269756317, 1.9049897193908691, 1.7474470376968383, 1.7174627363681794, 1.507008296251297, 0.8291236579418182, 0.5085489913821221, 0.32223244309425353, 0.22745990455150605, 0.16065783090889454, 0.16012351512908934, 0.14340300299227238, 0.14671842344105243, 0.1475453246384859], "dev_losses": [2.019358974695206, 1.777599811553955, 1.757571130990982, 1.739389032125473, 1.3682644575834275, 1.279126015305519, 1.3191138327121734, 1.332099249958992, 1.3632617324590683, 1.3478701025247575, 1.3573758244514464, 1.3532673865556717, 1.356728222966194, 1.36601370126009], "train_per_class_accuracies": [[0.784375011920929, 0.78125, 0.7749999761581421, 0.637499988079071], [0.7953125238418579, 0.801562488079071, 0.776562511920929, 0.684374988079071], [0.796875, 0.8140624761581421, 0.7734375, 0.692187488079071], [0.796875, 0.807812511920929, 0.778124988079071, 0.715624988079071], [0.8265625238418579, 0.862500011920929, 0.8218749761581421, 0.817187488079071], [0.9046875238418579, 0.9437500238418579, 0.910937488079071, 0.901562511920929], [0.948437511920929, 0.9703124761581421, 0.957812488079071, 0.957812488079071], [0.9703124761581421, 0.984375, 0.979687511920929, 0.9781249761581421], [0.987500011920929, 0.995312511920929, 0.9906250238418579, 0.989062488079071], [0.9921875, 0.995312511920929, 0.996874988079071, 0.995312511920929], [0.995312511920929, 0.9937499761581421, 0.9984375238418579, 0.995312511920929], [0.995312511920929, 0.9984375238418579, 0.995312511920929, 0.9984375238418579], [0.996874988079071, 0.9921875, 0.996874988079071, 1.0], [0.996874988079071, 0.995312511920929, 1.0, 0.9906250238418579]], "dev_per_class_accuracies": [[0.785937488079071, 0.7906249761581421, 0.776562511920929, 0.6875], [0.785937488079071, 0.8140624761581421, 0.7828124761581421, 0.7093750238418579], [0.7890625, 0.8062499761581421, 0.7828124761581421, 0.7171875238418579], [0.7890625, 0.8062499761581421, 0.7890625, 0.75], [0.854687511920929, 0.8890625238418579, 0.831250011920929, 0.856249988079071], [0.8531249761581421, 0.890625, 0.8421875238418579, 0.859375], [0.848437488079071, 0.8968750238418579, 0.8374999761581421, 0.8734375238418579], [0.8531249761581421, 0.887499988079071, 0.831250011920929, 0.8656250238418579], [0.848437488079071, 0.8921874761581421, 0.8421875238418579, 0.8734375238418579], [0.854687511920929, 0.8999999761581421, 0.848437488079071, 0.871874988079071], [0.8531249761581421, 0.8968750238418579, 0.8359375, 0.8656250238418579], [0.8531249761581421, 0.8968750238418579, 0.84375, 0.8687499761581421], [0.854687511920929, 0.895312488079071, 0.846875011920929, 0.8687499761581421], [0.856249988079071, 0.8968750238418579, 0.8453124761581421, 0.8609374761581421]], "train_average_accuracies": [0.7445312142372131, 0.764453113079071, 0.7691406607627869, 0.774609386920929, 0.8320313096046448, 0.915234386920929, 0.9585937857627869, 0.9781249761581421, 0.9906250238418579, 0.994921863079071, 0.9957031607627869, 0.9968750476837158, 0.9964843988418579, 0.9957031011581421], "dev_average_accuracies": [0.7601562142372131, 0.7730468511581421, 0.7738281488418579, 0.7835937738418579, 0.8578125238418579, 0.861328125, 0.8640624284744263, 0.859375, 0.8640624284744263, 0.8687500357627869, 0.8628906011581421, 0.8656250238418579, 0.8664062023162842, 0.8648437261581421], "best_epoch": 9, "best_acc": 0.8687500357627869}