{"train_losses": [2.409188610315323, 1.9896794259548187, 1.8082763969898223, 1.7777871131896972, 1.5419523119926453, 0.9091925412416458, 0.6168723747134208, 0.39515268206596377, 0.2702851817011833, 0.20837786942720413, 0.17763907313346863, 0.1926521085202694, 0.17314432114362716, 0.16483291946351528], "dev_losses": [2.131028538942337, 1.8550776720046998, 1.8162474989891053, 1.7918222784996032, 1.4245304703712462, 1.3156872242689133, 1.2845835447311402, 1.3380466371774673, 1.3652095735073089, 1.346208044886589, 1.3392919689416884, 1.341104844212532, 1.3445330172777177, 1.3441456496715545], "train_per_class_accuracies": [[0.754687488079071, 0.785937488079071, 0.7749999761581421, 0.645312488079071], [0.7953125238418579, 0.7906249761581421, 0.7734375, 0.6875], [0.7953125238418579, 0.809374988079071, 0.7796875238418579, 0.671875], [0.7953125238418579, 0.8046875, 0.778124988079071, 0.7124999761581421], [0.8187500238418579, 0.8734375238418579, 0.807812511920929, 0.815625011920929], [0.885937511920929, 0.9312499761581421, 0.909375011920929, 0.8921874761581421], [0.921875, 0.9593750238418579, 0.9375, 0.949999988079071], [0.9624999761581421, 0.979687511920929, 0.981249988079071, 0.9781249761581421], [0.984375, 0.984375, 0.9859374761581421, 0.9859374761581421], [0.9937499761581421, 0.995312511920929, 0.995312511920929, 0.9921875], [0.9859374761581421, 0.995312511920929, 0.9937499761581421, 0.9984375238418579], [0.9921875, 0.996874988079071, 0.9937499761581421, 0.9984375238418579], [0.9921875, 0.995312511920929, 0.996874988079071, 0.995312511920929], [0.995312511920929, 0.995312511920929, 0.996874988079071, 0.9984375238418579]], "dev_per_class_accuracies": [[0.785937488079071, 0.7906249761581421, 0.7796875238418579, 0.6499999761581421], [0.785937488079071, 0.8031250238418579, 0.7796875238418579, 0.6578124761581421], [0.785937488079071, 0.8031250238418579, 0.7796875238418579, 0.684374988079071], [0.785937488079071, 0.8046875, 0.778124988079071, 0.723437488079071], [0.8515625, 0.903124988079071, 0.8359375, 0.870312511920929], [0.8374999761581421, 0.895312488079071, 0.831250011920929, 0.859375], [0.8421875238418579, 0.893750011920929, 0.840624988079071, 0.8656250238418579], [0.854687511920929, 0.8890625238418579, 0.840624988079071, 0.84375], [0.8609374761581421, 0.893750011920929, 0.8296874761581421, 0.8656250238418579], [0.8500000238418579, 0.890625, 0.831250011920929, 0.862500011920929], [0.856249988079071, 0.8890625238418579, 0.831250011920929, 0.864062488079071], [0.8515625, 0.890625, 0.832812488079071, 0.864062488079071], [0.8531249761581421, 0.890625, 0.8374999761581421, 0.862500011920929], [0.8578125238418579, 0.890625, 0.828125, 0.8656250238418579]], "train_average_accuracies": [0.740234375, 0.76171875, 0.7640625238418579, 0.7726562023162842, 0.828906238079071, 0.9046875238418579, 0.942187488079071, 0.9753906726837158, 0.9851562976837158, 0.994140625, 0.9933593273162842, 0.9953124523162842, 0.994921863079071, 0.9964843988418579], "dev_average_accuracies": [0.7515624761581421, 0.7566406726837158, 0.7632812857627869, 0.7730469107627869, 0.865234375, 0.8558593392372131, 0.8605469465255737, 0.8570312857627869, 0.8624999523162842, 0.858593761920929, 0.860156238079071, 0.8597656488418579, 0.8609374761581421, 0.8605468273162842], "best_epoch": 4, "best_acc": 0.865234375}