{"train_losses": [2.1312554836273194, 1.8138992190361023, 1.6741231739521027, 1.6447410762310029, 1.5776829779148103, 1.3619328081607818, 1.184185165166855, 1.0125665485858917, 0.8467100918292999, 0.7096847653388977, 0.680504995584488, 0.6544326394796371, 0.6576252549886703, 0.6528414428234101], "dev_losses": [1.9064108550548553, 1.7209857732057572, 1.7000864088535308, 1.6856303989887238, 1.5276055693626405, 1.4455075591802597, 1.392457863688469, 1.3645609736442565, 1.369564551115036, 1.3515617579221726, 1.3486130595207215, 1.3434829235076904, 1.351110902428627, 1.3493605971336364], "train_per_class_accuracies": [[0.78125, 0.7875000238418579, 0.7734375, 0.643750011920929], [0.796875, 0.792187511920929, 0.7749999761581421, 0.671875], [0.800000011920929, 0.7953125238418579, 0.7734375, 0.6953125], [0.7984374761581421, 0.8187500238418579, 0.7796875238418579, 0.71875], [0.8140624761581421, 0.840624988079071, 0.7828124761581421, 0.754687488079071], [0.846875011920929, 0.870312511920929, 0.832812488079071, 0.8296874761581421], [0.862500011920929, 0.8999999761581421, 0.8515625, 0.8531249761581421], [0.871874988079071, 0.9156249761581421, 0.8828125, 0.8812500238418579], [0.893750011920929, 0.940625011920929, 0.909375011920929, 0.901562511920929], [0.934374988079071, 0.9437500238418579, 0.9390624761581421, 0.917187511920929], [0.940625011920929, 0.9437500238418579, 0.9390624761581421, 0.9156249761581421], [0.9203125238418579, 0.9468749761581421, 0.9437500238418579, 0.918749988079071], [0.9281250238418579, 0.940625011920929, 0.9359375238418579, 0.932812511920929], [0.932812511920929, 0.9468749761581421, 0.9453125, 0.932812511920929]], "dev_per_class_accuracies": [[0.785937488079071, 0.793749988079071, 0.778124988079071, 0.6656249761581421], [0.7984374761581421, 0.823437511920929, 0.7828124761581421, 0.690625011920929], [0.7984374761581421, 0.824999988079071, 0.784375011920929, 0.7124999761581421], [0.796875, 0.831250011920929, 0.785937488079071, 0.723437488079071], [0.8187500238418579, 0.875, 0.823437511920929, 0.800000011920929], [0.8265625238418579, 0.875, 0.8296874761581421, 0.8359375], [0.8453124761581421, 0.8828125, 0.823437511920929, 0.832812488079071], [0.8453124761581421, 0.875, 0.8296874761581421, 0.8500000238418579], [0.8515625, 0.8921874761581421, 0.8296874761581421, 0.8500000238418579], [0.846875011920929, 0.8921874761581421, 0.8343750238418579, 0.848437488079071], [0.8515625, 0.887499988079071, 0.8374999761581421, 0.8531249761581421], [0.8531249761581421, 0.887499988079071, 0.8359375, 0.8515625], [0.8500000238418579, 0.887499988079071, 0.8374999761581421, 0.8515625], [0.846875011920929, 0.887499988079071, 0.832812488079071, 0.8515625]], "train_average_accuracies": [0.7464843392372131, 0.7589843273162842, 0.7660156488418579, 0.7789062261581421, 0.798046886920929, 0.8449218273162842, 0.8667968511581421, 0.8878905773162842, 0.911328136920929, 0.9335936903953552, 0.9347656965255737, 0.932421863079071, 0.934374988079071, 0.939453125], "dev_average_accuracies": [0.755859375, 0.7738280892372131, 0.7800780534744263, 0.784375011920929, 0.829296886920929, 0.841796875, 0.8460937738418579, 0.8500000238418579, 0.8558593988418579, 0.8554688096046448, 0.857421875, 0.8570312261581421, 0.8566405773162842, 0.854687511920929], "best_epoch": 10, "best_acc": 0.857421875}