{"train_losses": [2.2156324207782747, 1.8382327437400818, 1.7000042736530303, 1.6706728637218475, 1.4495953381061555, 0.7929653584957123, 0.4971473887562752, 0.3207134872674942, 0.18910695016384124, 0.14989136718213558, 0.14586603008210658, 0.13946620263159276, 0.13262774087488652, 0.11402092017233371], "dev_losses": [1.9735597372055054, 1.758951097726822, 1.7402022778987885, 1.725894558429718, 1.3834948301315309, 1.308542963862419, 1.325294479727745, 1.33341783285141, 1.3588553845882416, 1.3549796104431153, 1.3634510099887849, 1.3496621251106262, 1.3556664824485778, 1.358757284283638], "train_per_class_accuracies": [[0.793749988079071, 0.776562511920929, 0.762499988079071, 0.660937488079071], [0.8046875, 0.7906249761581421, 0.7749999761581421, 0.706250011920929], [0.8218749761581421, 0.7875000238418579, 0.778124988079071, 0.7484375238418579], [0.8218749761581421, 0.792187511920929, 0.776562511920929, 0.737500011920929], [0.846875011920929, 0.870312511920929, 0.8203125, 0.809374988079071], [0.9125000238418579, 0.9390624761581421, 0.9156249761581421, 0.9234374761581421], [0.9609375, 0.964062511920929, 0.953125, 0.9703124761581421], [0.979687511920929, 0.9828125238418579, 0.9703124761581421, 0.9828125238418579], [0.9921875, 0.9921875, 0.9921875, 0.9984375238418579], [0.9984375238418579, 0.9937499761581421, 0.9937499761581421, 0.995312511920929], [0.995312511920929, 0.995312511920929, 0.996874988079071, 0.9984375238418579], [0.9984375238418579, 0.995312511920929, 0.9921875, 0.995312511920929], [0.9937499761581421, 0.996874988079071, 0.995312511920929, 0.9984375238418579], [1.0, 1.0, 0.995312511920929, 0.9984375238418579]], "dev_per_class_accuracies": [[0.7875000238418579, 0.7906249761581421, 0.776562511920929, 0.699999988079071], [0.796875, 0.7906249761581421, 0.7828124761581421, 0.7593749761581421], [0.800000011920929, 0.792187511920929, 0.7828124761581421, 0.754687488079071], [0.801562488079071, 0.7984374761581421, 0.784375011920929, 0.765625], [0.8531249761581421, 0.910937488079071, 0.8343750238418579, 0.8765624761581421], [0.856249988079071, 0.8984375, 0.8421875238418579, 0.871874988079071], [0.8531249761581421, 0.8921874761581421, 0.84375, 0.870312511920929], [0.848437488079071, 0.895312488079071, 0.831250011920929, 0.8671875], [0.854687511920929, 0.903124988079071, 0.8453124761581421, 0.870312511920929], [0.8515625, 0.8984375, 0.839062511920929, 0.8687499761581421], [0.854687511920929, 0.8984375, 0.8421875238418579, 0.8656250238418579], [0.8531249761581421, 0.8999999761581421, 0.8453124761581421, 0.8671875], [0.846875011920929, 0.901562511920929, 0.8453124761581421, 0.8687499761581421], [0.8453124761581421, 0.8984375, 0.8515625, 0.8687499761581421]], "train_average_accuracies": [0.7484375238418579, 0.7691406011581421, 0.7839844226837158, 0.782031238079071, 0.836718738079071, 0.9226562976837158, 0.9621093273162842, 0.9789062738418579, 0.9937499761581421, 0.995312511920929, 0.9964843988418579, 0.995312511920929, 0.99609375, 0.9984375238418579], "dev_average_accuracies": [0.763671875, 0.7824218273162842, 0.782421886920929, 0.7874999642372131, 0.8687499761581421, 0.8671875596046448, 0.8648437261581421, 0.860546886920929, 0.868359386920929, 0.8644530773162842, 0.865234375, 0.8664062023162842, 0.8656250238418579, 0.8660156726837158], "best_epoch": 4, "best_acc": 0.8687499761581421}