{"train_losses": [2.2521790146827696, 1.9552451372146606, 1.8395551145076752, 1.8335011661052705, 1.8225895941257477, 1.813832050561905, 1.7930503249168397, 1.7794432282447814, 1.7751082956790925, 1.7657409369945527, 1.757575559616089, 1.7516662061214447, 1.7580242156982422, 1.7486420273780823], "dev_losses": [2.041035050153732, 1.8642592072486877, 1.8521971344947814, 1.8461909532546996, 1.8354748845100404, 1.8323094189167022, 1.8274234116077424, 1.8246025085449218, 1.8242221832275392, 1.8146912932395936, 1.8154694199562074, 1.8136114060878754, 1.8128199577331543, 1.809001612663269], "train_per_class_accuracies": [[0.7953125238418579, 0.7875000238418579, 0.7749999761581421, 0.6499999761581421], [0.7953125238418579, 0.7875000238418579, 0.7734375, 0.660937488079071], [0.7953125238418579, 0.7875000238418579, 0.7734375, 0.6625000238418579], [0.7953125238418579, 0.7875000238418579, 0.7734375, 0.6625000238418579], [0.7953125238418579, 0.7875000238418579, 0.7734375, 0.659375011920929], [0.7953125238418579, 0.7875000238418579, 0.7734375, 0.6625000238418579], [0.7953125238418579, 0.7875000238418579, 0.7734375, 0.6703125238418579], [0.7953125238418579, 0.7890625, 0.7734375, 0.684374988079071], [0.7953125238418579, 0.7890625, 0.7734375, 0.684374988079071], [0.7953125238418579, 0.7906249761581421, 0.7734375, 0.6781250238418579], [0.7953125238418579, 0.7875000238418579, 0.7734375, 0.684374988079071], [0.7953125238418579, 0.7875000238418579, 0.7734375, 0.692187488079071], [0.7953125238418579, 0.7890625, 0.7734375, 0.690625011920929], [0.7953125238418579, 0.7875000238418579, 0.7734375, 0.6890624761581421]], "dev_per_class_accuracies": [[0.785937488079071, 0.7906249761581421, 0.776562511920929, 0.6875], [0.785937488079071, 0.7906249761581421, 0.776562511920929, 0.6499999761581421], [0.785937488079071, 0.7906249761581421, 0.776562511920929, 0.6546875238418579], [0.785937488079071, 0.7906249761581421, 0.776562511920929, 0.659375011920929], [0.785937488079071, 0.7906249761581421, 0.776562511920929, 0.65625], [0.7875000238418579, 0.7906249761581421, 0.776562511920929, 0.6781250238418579], [0.7875000238418579, 0.7906249761581421, 0.776562511920929, 0.675000011920929], [0.7875000238418579, 0.7906249761581421, 0.776562511920929, 0.6937500238418579], [0.7875000238418579, 0.7953125238418579, 0.776562511920929, 0.692187488079071], [0.7875000238418579, 0.7953125238418579, 0.776562511920929, 0.682812511920929], [0.7875000238418579, 0.7953125238418579, 0.776562511920929, 0.6890624761581421], [0.7875000238418579, 0.7953125238418579, 0.776562511920929, 0.698437511920929], [0.7875000238418579, 0.7953125238418579, 0.776562511920929, 0.6937500238418579], [0.7875000238418579, 0.7953125238418579, 0.776562511920929, 0.692187488079071]], "train_average_accuracies": [0.751953125, 0.7542968988418579, 0.7546875476837158, 0.7546875476837158, 0.75390625, 0.7546875476837158, 0.7566406726837158, 0.760546863079071, 0.760546863079071, 0.7593749761581421, 0.7601562738418579, 0.7621093988418579, 0.7621093392372131, 0.7613281011581421], "dev_average_accuracies": [0.7601562142372131, 0.7507811784744263, 0.751953125, 0.7531249523162842, 0.7523437142372131, 0.7582031488418579, 0.7574218511581421, 0.7621093988418579, 0.762890636920929, 0.760546863079071, 0.7621093988418579, 0.764453113079071, 0.7632812261581421, 0.762890636920929], "best_epoch": 11, "best_acc": 0.764453113079071}