{"train_losses": [2.266311150789261, 1.863668328523636, 1.7209264278411864, 1.6905211567878724, 1.4738704025745393, 0.8176410585641861, 0.5195757657289505, 0.3324600622057915, 0.22269467040896415, 0.16185789108276366, 0.14711600467562674, 0.14354745410382747, 0.14154524840414523, 0.1287854965776205], "dev_losses": [1.9933811008930207, 1.7642399728298188, 1.7317234516143798, 1.7147508561611176, 1.4261536300182343, 1.3092425286769866, 1.3314291775226592, 1.3351168483495712, 1.3673966467380523, 1.3567192554473877, 1.35887630879879, 1.3637946665287017, 1.364922258257866, 1.365373146533966], "train_per_class_accuracies": [[0.7875000238418579, 0.78125, 0.7718750238418579, 0.620312511920929], [0.796875, 0.785937488079071, 0.776562511920929, 0.7124999761581421], [0.796875, 0.800000011920929, 0.778124988079071, 0.723437488079071], [0.7984374761581421, 0.793749988079071, 0.78125, 0.737500011920929], [0.8421875238418579, 0.8765624761581421, 0.823437511920929, 0.807812511920929], [0.893750011920929, 0.940625011920929, 0.9156249761581421, 0.917187511920929], [0.9468749761581421, 0.9671875238418579, 0.957812488079071, 0.9453125], [0.971875011920929, 0.984375, 0.9828125238418579, 0.9781249761581421], [0.9906250238418579, 0.9906250238418579, 0.9859374761581421, 0.9906250238418579], [0.996874988079071, 0.995312511920929, 0.9984375238418579, 0.996874988079071], [0.995312511920929, 0.9984375238418579, 0.995312511920929, 1.0], [0.9984375238418579, 0.995312511920929, 0.995312511920929, 0.996874988079071], [1.0, 0.9984375238418579, 0.995312511920929, 0.9984375238418579], [0.996874988079071, 0.9984375238418579, 1.0, 0.9984375238418579]], "dev_per_class_accuracies": [[0.785937488079071, 0.796875, 0.7749999761581421, 0.651562511920929], [0.785937488079071, 0.7953125238418579, 0.78125, 0.7109375], [0.785937488079071, 0.8031250238418579, 0.7828124761581421, 0.7203124761581421], [0.7875000238418579, 0.809374988079071, 0.7828124761581421, 0.75], [0.8609374761581421, 0.8999999761581421, 0.828125, 0.8500000238418579], [0.859375, 0.885937511920929, 0.832812488079071, 0.8687499761581421], [0.854687511920929, 0.8968750238418579, 0.8374999761581421, 0.8671875], [0.856249988079071, 0.895312488079071, 0.8453124761581421, 0.862500011920929], [0.859375, 0.8921874761581421, 0.832812488079071, 0.871874988079071], [0.859375, 0.895312488079071, 0.839062511920929, 0.8734375238418579], [0.8609374761581421, 0.8984375, 0.8359375, 0.871874988079071], [0.862500011920929, 0.893750011920929, 0.8374999761581421, 0.8671875], [0.859375, 0.893750011920929, 0.8374999761581421, 0.8687499761581421], [0.8609374761581421, 0.895312488079071, 0.839062511920929, 0.8671875]], "train_average_accuracies": [0.740234375, 0.7679687738418579, 0.774609386920929, 0.7777343392372131, 0.8374999761581421, 0.916796863079071, 0.954296886920929, 0.9792969226837158, 0.9894530773162842, 0.996874988079071, 0.997265636920929, 0.9964843988418579, 0.998046875, 0.9984375238418579], "dev_average_accuracies": [0.7523437142372131, 0.768359363079071, 0.7730468511581421, 0.7824218273162842, 0.8597656488418579, 0.8617187738418579, 0.8640625476837158, 0.8648437261581421, 0.864062488079071, 0.8667968511581421, 0.8667969107627869, 0.865234375, 0.8648437261581421, 0.8656249642372131], "best_epoch": 10, "best_acc": 0.8667969107627869}