{"train_losses": [2.25324627161026, 1.9332696914672851, 1.1287259966135026, 0.992684680223465, 1.1805343002080917, 0.6891401037573814, 0.38797084987163544, 0.20480070672929288, 0.10996460989117622, 0.05919672437012195, 0.06261377092450857, 0.05740363206714392, 0.07046444267034531, 0.05386906350031495], "dev_losses": [2.5903433471918107, 2.3369307965040207, 1.7893472969532014, 1.774703386425972, 2.0550144612789154, 2.293345555663109, 2.0323237001895906, 1.9600568860769272, 1.8940481573343277, 1.8818229958415031, 1.8890606209635734, 1.8785596951842307, 1.8821943283081055, 1.8645889937877655], "train_per_class_accuracies": [[0.792187511920929, 0.8500000238418579, 0.7906249761581421, 0.7640625238418579], [0.8656250238418579, 0.832812488079071, 0.8500000238418579, 0.792187511920929], [0.885937511920929, 0.9156249761581421, 0.875, 0.8828125], [0.901562511920929, 0.9234374761581421, 0.895312488079071, 0.8984375], [0.8843749761581421, 0.925000011920929, 0.887499988079071, 0.8609374761581421], [0.940625011920929, 0.9593750238418579, 0.918749988079071, 0.901562511920929], [0.973437488079071, 0.957812488079071, 0.949999988079071, 0.9765625], [0.9859374761581421, 0.987500011920929, 0.9828125238418579, 0.973437488079071], [0.9921875, 0.9937499761581421, 0.989062488079071, 0.987500011920929], [0.9984375238418579, 0.996874988079071, 0.9937499761581421, 0.9937499761581421], [0.996874988079071, 0.995312511920929, 0.9937499761581421, 0.996874988079071], [0.995312511920929, 1.0, 0.996874988079071, 0.9921875], [1.0, 0.9859374761581421, 0.996874988079071, 0.996874988079071], [1.0, 0.9984375238418579, 0.996874988079071, 0.9937499761581421]], "dev_per_class_accuracies": [[0.793749988079071, 0.770312488079071, 0.8453124761581421, 0.776562511920929], [0.807812511920929, 0.8828125, 0.8109375238418579, 0.840624988079071], [0.846875011920929, 0.8890625238418579, 0.832812488079071, 0.840624988079071], [0.8453124761581421, 0.8812500238418579, 0.839062511920929, 0.8359375], [0.8609374761581421, 0.8359375, 0.8140624761581421, 0.828125], [0.8359375, 0.885937511920929, 0.8031250238418579, 0.7953125238418579], [0.846875011920929, 0.887499988079071, 0.7953125238418579, 0.8500000238418579], [0.8421875238418579, 0.8890625238418579, 0.809374988079071, 0.8609374761581421], [0.8500000238418579, 0.8765624761581421, 0.8265625238418579, 0.8765624761581421], [0.84375, 0.887499988079071, 0.8296874761581421, 0.8734375238418579], [0.8453124761581421, 0.887499988079071, 0.8265625238418579, 0.8671875], [0.84375, 0.890625, 0.824999988079071, 0.8843749761581421], [0.8421875238418579, 0.890625, 0.8265625238418579, 0.878125011920929], [0.8453124761581421, 0.890625, 0.828125, 0.8687499761581421]], "train_average_accuracies": [0.7992187738418579, 0.835156261920929, 0.889843761920929, 0.9046875238418579, 0.8894531726837158, 0.9300781488418579, 0.9644531011581421, 0.9824219346046448, 0.9906249642372131, 0.9957031011581421, 0.9957031607627869, 0.99609375, 0.994921863079071, 0.9972655773162842], "dev_average_accuracies": [0.7964843511581421, 0.8355469107627869, 0.8523437976837158, 0.850390613079071, 0.834765613079071, 0.830078125, 0.8449218273162842, 0.8503906726837158, 0.857421875, 0.8585937023162842, 0.8566405773162842, 0.8609374761581421, 0.859375, 0.8582031726837158], "best_acc": 0.8609374761581421, "best_epoch": 11}