{"train_losses": [2.5319264590740205, 1.8438910245895386, 1.306791853904724, 1.26004658639431, 1.241679275035858, 1.1649060547351837, 1.1157312214374542, 1.033486321568489, 0.9459234267473221, 0.907009556889534, 0.9017710775136948, 0.8954801738262177, 0.8738352119922638, 0.8712643325328827], "dev_losses": [2.112317657470703, 1.6331781268119812, 1.3936898589134217, 1.3884261906147004, 1.362978023290634, 1.3419441491365434, 1.3341247588396072, 1.3217341244220733, 1.3125410556793213, 1.3155525356531144, 1.3126943290233613, 1.3087437838315963, 1.3113355368375779, 1.3092539221048356], "train_per_class_accuracies": [[0.809374988079071, 0.8062499761581421, 0.734375, 0.621874988079071], [0.859375, 0.8187500238418579, 0.8062499761581421, 0.754687488079071], [0.8765624761581421, 0.856249988079071, 0.8218749761581421, 0.831250011920929], [0.864062488079071, 0.8828125, 0.840624988079071, 0.8500000238418579], [0.8812500238418579, 0.895312488079071, 0.8453124761581421, 0.840624988079071], [0.878125011920929, 0.901562511920929, 0.8531249761581421, 0.8421875238418579], [0.8765624761581421, 0.8999999761581421, 0.8734375238418579, 0.864062488079071], [0.8812500238418579, 0.910937488079071, 0.871874988079071, 0.862500011920929], [0.8812500238418579, 0.9156249761581421, 0.90625, 0.895312488079071], [0.8984375, 0.9234374761581421, 0.885937511920929, 0.879687488079071], [0.8984375, 0.926562488079071, 0.890625, 0.890625], [0.903124988079071, 0.9296875, 0.893750011920929, 0.8828125], [0.8968750238418579, 0.926562488079071, 0.9078124761581421, 0.8890625238418579], [0.8984375, 0.9312499761581421, 0.9046875238418579, 0.8921874761581421]], "dev_per_class_accuracies": [[0.854687511920929, 0.8828125, 0.778124988079071, 0.640625], [0.859375, 0.8203125, 0.800000011920929, 0.7796875238418579], [0.831250011920929, 0.875, 0.828125, 0.828125], [0.8343750238418579, 0.8765624761581421, 0.831250011920929, 0.832812488079071], [0.8343750238418579, 0.879687488079071, 0.8343750238418579, 0.8374999761581421], [0.832812488079071, 0.8843749761581421, 0.8296874761581421, 0.848437488079071], [0.846875011920929, 0.887499988079071, 0.8374999761581421, 0.846875011920929], [0.8343750238418579, 0.885937511920929, 0.832812488079071, 0.854687511920929], [0.8453124761581421, 0.8984375, 0.8359375, 0.862500011920929], [0.8500000238418579, 0.8984375, 0.831250011920929, 0.856249988079071], [0.8453124761581421, 0.8999999761581421, 0.8374999761581421, 0.8578125238418579], [0.8453124761581421, 0.8999999761581421, 0.8359375, 0.862500011920929], [0.84375, 0.895312488079071, 0.8359375, 0.859375], [0.84375, 0.8999999761581421, 0.8374999761581421, 0.856249988079071]], "train_average_accuracies": [0.742968738079071, 0.809765636920929, 0.846484363079071, 0.859375, 0.8656249642372131, 0.8687499761581421, 0.8785156607627869, 0.881640613079071, 0.899609386920929, 0.8968750238418579, 0.901562511920929, 0.90234375, 0.9050780534744263, 0.9066406488418579], "dev_average_accuracies": [0.7890625, 0.8148437738418579, 0.840624988079071, 0.84375, 0.8464844226837158, 0.848828136920929, 0.854687511920929, 0.8519531488418579, 0.860546886920929, 0.8589844107627869, 0.8601561784744263, 0.8609374761581421, 0.858593761920929, 0.859375], "best_epoch": 11, "best_acc": 0.8609374761581421}