{"train_losses": [2.273979997634888, 1.8699294030666351, 1.7138101279735565, 1.684665322303772, 1.4785511493682861, 0.8044136554002762, 0.5132415562868118, 0.32090300023555757, 0.22465280666947365, 0.15431450605392455, 0.15009583979845048, 0.1373830959200859, 0.12692871764302255, 0.12345595844089985], "dev_losses": [2.0300767064094543, 1.7916935741901399, 1.763279801607132, 1.7427694082260132, 1.3771589189767837, 1.3228806138038636, 1.310674574971199, 1.3582530558109283, 1.3420286446809768, 1.3391747504472733, 1.3465251907706262, 1.3465454250574111, 1.3530610144138335, 1.3473875850439072], "train_per_class_accuracies": [[0.7749999761581421, 0.7734375, 0.7671874761581421, 0.6499999761581421], [0.7953125238418579, 0.7875000238418579, 0.776562511920929, 0.715624988079071], [0.7953125238418579, 0.7890625, 0.78125, 0.7359374761581421], [0.7953125238418579, 0.793749988079071, 0.78125, 0.768750011920929], [0.8265625238418579, 0.8765624761581421, 0.809374988079071, 0.8062499761581421], [0.8999999761581421, 0.9390624761581421, 0.918749988079071, 0.926562488079071], [0.940625011920929, 0.957812488079071, 0.9593750238418579, 0.9624999761581421], [0.971875011920929, 0.979687511920929, 0.979687511920929, 0.981249988079071], [0.987500011920929, 0.9921875, 0.9921875, 0.995312511920929], [0.996874988079071, 0.9937499761581421, 0.9921875, 1.0], [0.9937499761581421, 0.9984375238418579, 0.9984375238418579, 0.9984375238418579], [0.995312511920929, 0.995312511920929, 1.0, 1.0], [0.9984375238418579, 0.996874988079071, 0.9984375238418579, 0.9984375238418579], [0.9984375238418579, 0.9984375238418579, 0.996874988079071, 1.0]], "dev_per_class_accuracies": [[0.785937488079071, 0.7906249761581421, 0.778124988079071, 0.6812499761581421], [0.785937488079071, 0.792187511920929, 0.785937488079071, 0.7640625238418579], [0.785937488079071, 0.792187511920929, 0.7828124761581421, 0.768750011920929], [0.7875000238418579, 0.7984374761581421, 0.78125, 0.7734375], [0.8656250238418579, 0.887499988079071, 0.831250011920929, 0.864062488079071], [0.8453124761581421, 0.893750011920929, 0.8374999761581421, 0.8578125238418579], [0.8500000238418579, 0.885937511920929, 0.8359375, 0.8671875], [0.8578125238418579, 0.890625, 0.8421875238418579, 0.8656250238418579], [0.8578125238418579, 0.90625, 0.848437488079071, 0.8671875], [0.856249988079071, 0.8999999761581421, 0.846875011920929, 0.862500011920929], [0.856249988079071, 0.8984375, 0.846875011920929, 0.8687499761581421], [0.8656250238418579, 0.8968750238418579, 0.848437488079071, 0.8656250238418579], [0.8656250238418579, 0.8984375, 0.8500000238418579, 0.8656250238418579], [0.8578125238418579, 0.8984375, 0.846875011920929, 0.8671875]], "train_average_accuracies": [0.7414062023162842, 0.768750011920929, 0.775390625, 0.7847656011581421, 0.8296874761581421, 0.921093761920929, 0.955078125, 0.9781250357627869, 0.9917968511581421, 0.9957031011581421, 0.9972655773162842, 0.9976562261581421, 0.998046875, 0.9984375238418579], "dev_average_accuracies": [0.7589843273162842, 0.7820312976837158, 0.782421886920929, 0.78515625, 0.862109363079071, 0.8585937023162842, 0.8597656488418579, 0.8640625476837158, 0.869921863079071, 0.8664062023162842, 0.8675781488418579, 0.869140625, 0.8699219226837158, 0.8675781488418579], "best_epoch": 12, "best_acc": 0.8699219226837158}