{"loss_w_all_one_half_probs": 2.7725887298583984, "train_per_class_accuracies": [0.7953125238418579, 0.7875000238418579, 0.7734375, 0.637499988079071], "dev_per_class_accuracies": [0.785937488079071, 0.7906249761581421, 0.776562511920929, 0.6343749761581421], "train_average_accuracy": 0.7484375238418579, "dev_average_accuracy": 0.7468749284744263}