{"loss_w_all_one_half_probs": 2.772588726816375, "train_per_class_accuracies": [0.7974481582641602, 0.7926634550094604, 0.7767145037651062, 0.6347687244415283], "dev_per_class_accuracies": [0.7876386642456055, 0.7923930287361145, 0.7797147631645203, 0.6323296427726746], "train_average_accuracy": 0.7503986954689026, "dev_average_accuracy": 0.7480190396308899}