{"train_losses": [2.226308113336563, 1.778916949033737, 1.5645755648612976, 1.5245862424373626, 1.414489072561264, 1.4406077206134795], "dev_losses": [2.0355279386043548, 1.919607448577881, 1.8517040252685546, 1.7888580322265626, 1.7743208050727843, 1.7599463045597077], "train_per_class_accuracies": [[0.8140624761581421, 0.807812511920929, 0.7671874761581421, 0.699999988079071], [0.8062499761581421, 0.8421875238418579, 0.8109375238418579, 0.776562511920929], [0.870312511920929, 0.859375, 0.839062511920929, 0.8187500238418579], [0.8453124761581421, 0.8828125, 0.832812488079071, 0.7984374761581421], [0.859375, 0.875, 0.823437511920929, 0.807812511920929], [0.864062488079071, 0.895312488079071, 0.8421875238418579, 0.785937488079071]], "dev_per_class_accuracies": [[0.817187488079071, 0.859375, 0.78125, 0.7359374761581421], [0.832812488079071, 0.8500000238418579, 0.815625011920929, 0.75], [0.8187500238418579, 0.878125011920929, 0.8203125, 0.754687488079071], [0.8203125, 0.8828125, 0.831250011920929, 0.7640625238418579], [0.8187500238418579, 0.885937511920929, 0.823437511920929, 0.7593749761581421], [0.823437511920929, 0.885937511920929, 0.824999988079071, 0.7578125]], "train_average_accuracies": [0.772265613079071, 0.8089843392372131, 0.8468749523162842, 0.83984375, 0.8414062261581421, 0.846875011920929], "dev_average_accuracies": [0.7984374761581421, 0.8121093511581421, 0.8179687857627869, 0.8246093988418579, 0.8218749761581421, 0.823046863079071], "best_epoch": 3, "best_acc": 0.8246093988418579}