{"train_losses": [2.226308113336563, 1.778916949033737, 1.5645755648612976, 1.5245862424373626, 1.414489072561264, 1.4406077206134795, 1.4277703046798706, 1.1675459384918212, 1.0586510181427002, 0.9254484474658966, 0.7830326706171036, 0.6908826917409897, 0.7365689218044281, 0.6527994275093079, 0.6695037245750427, 0.7048299163579941], "dev_losses": [2.0355279386043548, 1.919607448577881, 1.8517040252685546, 1.7888580322265626, 1.7743208050727843, 1.7599463045597077, 1.603350281715393, 1.518896508216858, 1.4743190169334413, 1.4449900209903717, 1.4055403828620912, 1.4005308210849763, 1.3950837194919585, 1.390248143672943, 1.384432590007782, 1.3819316923618317], "train_per_class_accuracies": [[0.8140624761581421, 0.807812511920929, 0.7671874761581421, 0.699999988079071], [0.8062499761581421, 0.8421875238418579, 0.8109375238418579, 0.776562511920929], [0.870312511920929, 0.859375, 0.839062511920929, 0.8187500238418579], [0.8453124761581421, 0.8828125, 0.832812488079071, 0.7984374761581421], [0.859375, 0.875, 0.823437511920929, 0.807812511920929], [0.864062488079071, 0.895312488079071, 0.8421875238418579, 0.785937488079071], [0.8671875, 0.890625, 0.8421875238418579, 0.8203125], [0.879687488079071, 0.901562511920929, 0.875, 0.8531249761581421], [0.879687488079071, 0.9234374761581421, 0.875, 0.8687499761581421], [0.8984375, 0.9203125238418579, 0.9078124761581421, 0.8812500238418579], [0.9125000238418579, 0.948437511920929, 0.921875, 0.8999999761581421], [0.9312499761581421, 0.9515625238418579, 0.9156249761581421, 0.9140625], [0.9281250238418579, 0.940625011920929, 0.921875, 0.917187511920929], [0.926562488079071, 0.949999988079071, 0.9312499761581421, 0.932812511920929], [0.934374988079071, 0.9624999761581421, 0.918749988079071, 0.9125000238418579], [0.9281250238418579, 0.9546874761581421, 0.925000011920929, 0.9234374761581421]], "dev_per_class_accuracies": [[0.817187488079071, 0.859375, 0.78125, 0.7359374761581421], [0.832812488079071, 0.8500000238418579, 0.815625011920929, 0.75], [0.8187500238418579, 0.878125011920929, 0.8203125, 0.754687488079071], [0.8203125, 0.8828125, 0.831250011920929, 0.7640625238418579], [0.8187500238418579, 0.885937511920929, 0.823437511920929, 0.7593749761581421], [0.823437511920929, 0.885937511920929, 0.824999988079071, 0.7578125], [0.8374999761581421, 0.8843749761581421, 0.8421875238418579, 0.800000011920929], [0.846875011920929, 0.895312488079071, 0.8453124761581421, 0.8140624761581421], [0.8531249761581421, 0.8999999761581421, 0.8515625, 0.823437511920929], [0.8515625, 0.901562511920929, 0.859375, 0.832812488079071], [0.856249988079071, 0.909375011920929, 0.864062488079071, 0.8296874761581421], [0.856249988079071, 0.90625, 0.862500011920929, 0.831250011920929], [0.854687511920929, 0.903124988079071, 0.864062488079071, 0.8343750238418579], [0.8531249761581421, 0.90625, 0.856249988079071, 0.840624988079071], [0.8531249761581421, 0.903124988079071, 0.859375, 0.8421875238418579], [0.854687511920929, 0.903124988079071, 0.8609374761581421, 0.839062511920929]], "train_average_accuracies": [0.7984374761581421, 0.8121093511581421, 0.8179687857627869, 0.8246093988418579, 0.8218749761581421, 0.823046863079071, 0.8550781011581421, 0.8773437738418579, 0.88671875, 0.9019531011581421, 0.9207031726837158, 0.9281250238418579, 0.926953136920929, 0.9351562261581421, 0.9320312738418579, 0.9328124523162842], "dev_average_accuracies": [0.772265613079071, 0.8089843392372131, 0.8468749523162842, 0.83984375, 0.8414062261581421, 0.846875011920929, 0.841015636920929, 0.8503906726837158, 0.8570312261581421, 0.861328125, 0.8648437261581421, 0.864062488079071, 0.8640625476837158, 0.864062488079071, 0.8644530773162842, 0.864453136920929], "best_epoch": 10, "best_acc": 0.8648437261581421}