{"train_losses": [2.201893466711044, 1.7348471105098724, 1.6027371108531951, 1.524103033542633, 1.5421735346317291, 1.4591093361377716, 1.4098131775856018, 1.1432715058326721, 0.9474689573049545, 0.8867981851100921, 0.696557554602623, 0.6019327476620674, 0.5890378475189209, 0.48112898468971255, 0.500336392223835, 0.46344817578792574, 0.46181773468852044, 0.46392293125391004, 0.48529635071754457, 0.4810753479599953], "dev_losses": [2.021591341495514, 1.949322724342346, 1.9413099884986877, 1.8175073206424712, 1.7887114048004151, 1.7754077970981599, 1.6809119582176208, 1.5729886710643768, 1.487672534584999, 1.4541895180940627, 1.4394988417625427, 1.4378727614879607, 1.4450622200965881, 1.4421874582767487, 1.4394531071186065, 1.439578154683113, 1.4397903978824615, 1.440108707547188, 1.4385386854410172, 1.4381273090839386], "train_per_class_accuracies": [[0.792187511920929, 0.817187488079071, 0.7890625, 0.6953125], [0.848437488079071, 0.871874988079071, 0.792187511920929, 0.7734375], [0.856249988079071, 0.8765624761581421, 0.824999988079071, 0.7593749761581421], [0.8421875238418579, 0.8812500238418579, 0.840624988079071, 0.7984374761581421], [0.859375, 0.854687511920929, 0.8374999761581421, 0.7984374761581421], [0.84375, 0.893750011920929, 0.8359375, 0.8109375238418579], [0.862500011920929, 0.8843749761581421, 0.8578125238418579, 0.8062499761581421], [0.893750011920929, 0.90625, 0.8812500238418579, 0.8343750238418579], [0.909375011920929, 0.9281250238418579, 0.887499988079071, 0.8921874761581421], [0.9140625, 0.932812511920929, 0.909375011920929, 0.871874988079071], [0.934374988079071, 0.9609375, 0.9140625, 0.910937488079071], [0.9375, 0.949999988079071, 0.934374988079071, 0.921875], [0.9468749761581421, 0.956250011920929, 0.940625011920929, 0.9359375238418579], [0.96875, 0.9609375, 0.9515625238418579, 0.949999988079071], [0.948437511920929, 0.9593750238418579, 0.949999988079071, 0.9375], [0.9593750238418579, 0.9671875238418579, 0.965624988079071, 0.9453125], [0.956250011920929, 0.965624988079071, 0.9671875238418579, 0.948437511920929], [0.9609375, 0.971875011920929, 0.9703124761581421, 0.948437511920929], [0.9546874761581421, 0.9671875238418579, 0.9624999761581421, 0.9312499761581421], [0.9515625238418579, 0.9593750238418579, 0.9515625238418579, 0.949999988079071]], "dev_per_class_accuracies": [[0.7796875238418579, 0.848437488079071, 0.7875000238418579, 0.746874988079071], [0.824999988079071, 0.8812500238418579, 0.785937488079071, 0.75], [0.8296874761581421, 0.8812500238418579, 0.8109375238418579, 0.7328125238418579], [0.8374999761581421, 0.8609374761581421, 0.7953125238418579, 0.762499988079071], [0.832812488079071, 0.8671875, 0.807812511920929, 0.75], [0.832812488079071, 0.870312511920929, 0.8062499761581421, 0.75], [0.8421875238418579, 0.8765624761581421, 0.815625011920929, 0.7875000238418579], [0.8500000238418579, 0.887499988079071, 0.8343750238418579, 0.807812511920929], [0.859375, 0.8921874761581421, 0.832812488079071, 0.824999988079071], [0.8578125238418579, 0.8921874761581421, 0.84375, 0.8265625238418579], [0.854687511920929, 0.895312488079071, 0.832812488079071, 0.839062511920929], [0.859375, 0.8999999761581421, 0.8359375, 0.848437488079071], [0.8656250238418579, 0.895312488079071, 0.839062511920929, 0.8500000238418579], [0.870312511920929, 0.8968750238418579, 0.8343750238418579, 0.846875011920929], [0.8734375238418579, 0.8968750238418579, 0.8359375, 0.8453124761581421], [0.8734375238418579, 0.893750011920929, 0.8343750238418579, 0.8421875238418579], [0.871874988079071, 0.895312488079071, 0.8359375, 0.840624988079071], [0.870312511920929, 0.893750011920929, 0.832812488079071, 0.840624988079071], [0.8687499761581421, 0.8968750238418579, 0.8359375, 0.840624988079071], [0.8687499761581421, 0.895312488079071, 0.839062511920929, 0.840624988079071]], "train_average_accuracies": [0.7906250357627869, 0.810546875, 0.8136718273162842, 0.8140625357627869, 0.814453125, 0.8148437738418579, 0.8527344465255737, 0.87890625, 0.904296875, 0.907031238079071, 0.9300781488418579, 0.9359375238418579, 0.9449218511581421, 0.957812488079071, 0.9488281607627869, 0.9593750238418579, 0.9593749642372131, 0.9628905653953552, 0.9539062976837158, 0.9531250596046448], "dev_average_accuracies": [0.7734375, 0.821484386920929, 0.8292968273162842, 0.8406250476837158, 0.8374999761581421, 0.8460937738418579, 0.8304687738418579, 0.844921886920929, 0.852343738079071, 0.8550781011581421, 0.85546875, 0.8609375357627869, 0.8624999523162842, 0.862109363079071, 0.8628906011581421, 0.8609374761581421, 0.8609375357627869, 0.859375, 0.860546886920929, 0.8609374761581421], "best_epoch": 14, "best_acc": 0.8628906011581421}