{"train_losses": [2.322360861301422, 1.821561485528946, 1.7237561821937561, 1.66316260099411, 1.6501615583896636, 1.6742138147354126, 1.5162902295589447, 1.4519225120544434, 1.9928017437458039, 1.6422587454319, 1.6463658392429352, 1.4655262351036071, 1.463290247321129, 1.3638735115528107, 1.2843378335237503, 1.138988482952118, 1.1657961040735245, 1.1627623945474626, 1.23526528775692, 1.177346619963646, 1.1719866216182708, 1.1880616903305055], "dev_losses": [2.0775954246521, 1.8933295249938964, 1.8431779742240906, 1.8514055490493775, 1.822117817401886, 1.6916698515415192, 1.6507234752178193, 1.6362990617752076, 1.5772784948349, 1.5460002720355988, 1.512132316827774, 1.481831580400467, 1.4593710154294968, 1.4260802835226059, 1.4113034784793854, 1.4083669304847717, 1.4063498437404633, 1.4036104261875153, 1.402833139896393, 1.4020874738693236, 1.3997580885887146, 1.3981910586357116], "train_per_class_accuracies": [[0.800000011920929, 0.800000011920929, 0.760937511920929, 0.6812499761581421], [0.8359375, 0.856249988079071, 0.7953125238418579, 0.739062488079071], [0.8359375, 0.875, 0.7828124761581421, 0.7796875238418579], [0.839062511920929, 0.8687499761581421, 0.8140624761581421, 0.7828124761581421], [0.848437488079071, 0.8734375238418579, 0.792187511920929, 0.7796875238418579], [0.8203125, 0.862500011920929, 0.828125, 0.7796875238418579], [0.8609374761581421, 0.8687499761581421, 0.8515625, 0.792187511920929], [0.8500000238418579, 0.871874988079071, 0.8453124761581421, 0.8125], [0.828125, 0.8187500238418579, 0.7984374761581421, 0.7359374761581421], [0.828125, 0.885937511920929, 0.8218749761581421, 0.7953125238418579], [0.8109375238418579, 0.8531249761581421, 0.840624988079071, 0.793749988079071], [0.8734375238418579, 0.8890625238418579, 0.8374999761581421, 0.823437511920929], [0.8421875238418579, 0.8765624761581421, 0.8578125238418579, 0.8125], [0.8765624761581421, 0.895312488079071, 0.8687499761581421, 0.7984374761581421], [0.890625, 0.8828125, 0.870312511920929, 0.8359375], [0.8687499761581421, 0.9125000238418579, 0.8765624761581421, 0.859375], [0.8999999761581421, 0.910937488079071, 0.875, 0.8453124761581421], [0.8812500238418579, 0.9125000238418579, 0.8843749761581421, 0.848437488079071], [0.887499988079071, 0.8968750238418579, 0.878125011920929, 0.8531249761581421], [0.885937511920929, 0.9046875238418579, 0.8765624761581421, 0.8578125238418579], [0.871874988079071, 0.910937488079071, 0.878125011920929, 0.854687511920929], [0.8671875, 0.9203125238418579, 0.8812500238418579, 0.8343750238418579]], "dev_per_class_accuracies": [[0.746874988079071, 0.864062488079071, 0.768750011920929, 0.7671874761581421], [0.8140624761581421, 0.878125011920929, 0.7953125238418579, 0.7359374761581421], [0.8359375, 0.8812500238418579, 0.809374988079071, 0.7593749761581421], [0.8296874761581421, 0.879687488079071, 0.817187488079071, 0.734375], [0.8359375, 0.8765624761581421, 0.7984374761581421, 0.746874988079071], [0.8578125238418579, 0.890625, 0.817187488079071, 0.753125011920929], [0.848437488079071, 0.887499988079071, 0.807812511920929, 0.7593749761581421], [0.840624988079071, 0.895312488079071, 0.8109375238418579, 0.760937511920929], [0.848437488079071, 0.895312488079071, 0.8109375238418579, 0.7906249761581421], [0.846875011920929, 0.8999999761581421, 0.807812511920929, 0.809374988079071], [0.8609374761581421, 0.9046875238418579, 0.8046875, 0.8046875], [0.862500011920929, 0.909375011920929, 0.809374988079071, 0.8203125], [0.862500011920929, 0.90625, 0.823437511920929, 0.823437511920929], [0.8671875, 0.8999999761581421, 0.824999988079071, 0.839062511920929], [0.864062488079071, 0.9046875238418579, 0.8296874761581421, 0.8453124761581421], [0.864062488079071, 0.901562511920929, 0.828125, 0.8421875238418579], [0.862500011920929, 0.9046875238418579, 0.828125, 0.839062511920929], [0.862500011920929, 0.9046875238418579, 0.8265625238418579, 0.839062511920929], [0.862500011920929, 0.90625, 0.824999988079071, 0.84375], [0.8609374761581421, 0.903124988079071, 0.823437511920929, 0.8421875238418579], [0.864062488079071, 0.9046875238418579, 0.8218749761581421, 0.840624988079071], [0.8656250238418579, 0.903124988079071, 0.8218749761581421, 0.84375]], "train_average_accuracies": [0.7867187261581421, 0.8058594465255737, 0.8214843273162842, 0.815234363079071, 0.814453125, 0.8296874761581421, 0.8257812261581421, 0.826953113079071, 0.7953125238418579, 0.8328124284744263, 0.8246093988418579, 0.8558593392372131, 0.8472656011581421, 0.8597656488418579, 0.869921863079071, 0.8792968988418579, 0.8828125, 0.881640613079071, 0.87890625, 0.8812500238418579, 0.87890625, 0.8757812976837158], "dev_average_accuracies": [0.7605469226837158, 0.8066406846046448, 0.818359375, 0.826171875, 0.8234374523162842, 0.8226562738418579, 0.8433593511581421, 0.8449218273162842, 0.8363281488418579, 0.841015636920929, 0.84375, 0.850390613079071, 0.8539062142372131, 0.8578124642372131, 0.8609374761581421, 0.8589843511581421, 0.858593761920929, 0.858203113079071, 0.859375, 0.857421875, 0.8578124642372131, 0.8585937023162842], "best_epoch": 14, "best_acc": 0.8609374761581421}