{"train_losses": [2.201893466711044, 1.7348471105098724, 1.6027371108531951, 1.524103033542633, 1.5421735346317291, 1.4591093361377716], "dev_losses": [2.021591341495514, 1.949322724342346, 1.9413099884986877, 1.8175073206424712, 1.7887114048004151, 1.7754077970981599], "train_per_class_accuracies": [[0.792187511920929, 0.817187488079071, 0.7890625, 0.6953125], [0.848437488079071, 0.871874988079071, 0.792187511920929, 0.7734375], [0.856249988079071, 0.8765624761581421, 0.824999988079071, 0.7593749761581421], [0.8421875238418579, 0.8812500238418579, 0.840624988079071, 0.7984374761581421], [0.859375, 0.854687511920929, 0.8374999761581421, 0.7984374761581421], [0.84375, 0.893750011920929, 0.8359375, 0.8109375238418579]], "dev_per_class_accuracies": [[0.7796875238418579, 0.848437488079071, 0.7875000238418579, 0.746874988079071], [0.824999988079071, 0.8812500238418579, 0.785937488079071, 0.75], [0.8296874761581421, 0.8812500238418579, 0.8109375238418579, 0.7328125238418579], [0.8374999761581421, 0.8609374761581421, 0.7953125238418579, 0.762499988079071], [0.832812488079071, 0.8671875, 0.807812511920929, 0.75], [0.832812488079071, 0.870312511920929, 0.8062499761581421, 0.75]], "train_average_accuracies": [0.7734375, 0.821484386920929, 0.8292968273162842, 0.8406250476837158, 0.8374999761581421, 0.8460937738418579], "dev_average_accuracies": [0.7906250357627869, 0.810546875, 0.8136718273162842, 0.8140625357627869, 0.814453125, 0.8148437738418579], "best_epoch": 5, "best_acc": 0.8148437738418579}