{"train_losses": [2.322360861301422, 1.821561485528946, 1.7237561821937561, 1.66316260099411, 1.6501615583896636, 1.6742138147354126, 1.5162902295589447, 1.4519225120544434], "dev_losses": [2.0775954246521, 1.8933295249938964, 1.8431779742240906, 1.8514055490493775, 1.822117817401886, 1.6916698515415192, 1.6507234752178193, 1.6362990617752076], "train_per_class_accuracies": [[0.800000011920929, 0.800000011920929, 0.760937511920929, 0.6812499761581421], [0.8359375, 0.856249988079071, 0.7953125238418579, 0.739062488079071], [0.8359375, 0.875, 0.7828124761581421, 0.7796875238418579], [0.839062511920929, 0.8687499761581421, 0.8140624761581421, 0.7828124761581421], [0.848437488079071, 0.8734375238418579, 0.792187511920929, 0.7796875238418579], [0.8203125, 0.862500011920929, 0.828125, 0.7796875238418579], [0.8609374761581421, 0.8687499761581421, 0.8515625, 0.792187511920929], [0.8500000238418579, 0.871874988079071, 0.8453124761581421, 0.8125]], "dev_per_class_accuracies": [[0.746874988079071, 0.864062488079071, 0.768750011920929, 0.7671874761581421], [0.8140624761581421, 0.878125011920929, 0.7953125238418579, 0.7359374761581421], [0.8359375, 0.8812500238418579, 0.809374988079071, 0.7593749761581421], [0.8296874761581421, 0.879687488079071, 0.817187488079071, 0.734375], [0.8359375, 0.8765624761581421, 0.7984374761581421, 0.746874988079071], [0.8578125238418579, 0.890625, 0.817187488079071, 0.753125011920929], [0.848437488079071, 0.887499988079071, 0.807812511920929, 0.7593749761581421], [0.840624988079071, 0.895312488079071, 0.8109375238418579, 0.760937511920929]], "train_average_accuracies": [0.7605469226837158, 0.8066406846046448, 0.818359375, 0.826171875, 0.8234374523162842, 0.8226562738418579, 0.8433593511581421, 0.8449218273162842], "dev_average_accuracies": [0.7867187261581421, 0.8058594465255737, 0.8214843273162842, 0.815234363079071, 0.814453125, 0.8296874761581421, 0.8257812261581421, 0.826953113079071], "best_epoch": 5, "best_acc": 0.8296874761581421}