{"train_losses": [2.1692309021949767, 1.7113093793392182, 1.625117337703705, 1.5146309196949006, 1.4467806339263916, 1.4526441633701324, 1.3009680569171906, 1.3179449617862702, 1.330076277256012, 1.2781172454357148, 1.2577640175819398, 1.1991315007209777, 1.254675829410553, 1.1624383628368378, 1.150073966383934, 1.1471978634595872, 1.1346857488155364, 1.1021898299455644, 1.0073320299386979, 0.9527051389217377, 0.9227530360221863, 0.9824427008628845], "dev_losses": [1.8081195294857024, 1.6126953125, 1.4894968390464782, 1.4592644155025483, 1.4541845113039016, 1.5208004653453826, 1.4048961222171783, 1.4008016109466552, 1.3730475574731826, 1.3780133575201035, 1.3881746679544449, 1.4066046923398972, 1.41669163107872, 1.4145241916179656, 1.4218034386634826, 1.4512361526489257, 1.4901775479316712, 1.5721647411584854, 1.4891657382249832, 1.4794511318206787, 1.4754350632429123, 1.4767340004444123], "train_per_class_accuracies": [[0.7984374761581421, 0.7984374761581421, 0.776562511920929, 0.6953125], [0.8187500238418579, 0.839062511920929, 0.8031250238418579, 0.7828124761581421], [0.8359375, 0.8734375238418579, 0.809374988079071, 0.762499988079071], [0.848437488079071, 0.879687488079071, 0.817187488079071, 0.8046875], [0.846875011920929, 0.871874988079071, 0.8296874761581421, 0.823437511920929], [0.848437488079071, 0.8765624761581421, 0.840624988079071, 0.796875], [0.848437488079071, 0.901562511920929, 0.839062511920929, 0.8109375238418579], [0.871874988079071, 0.875, 0.839062511920929, 0.823437511920929], [0.8515625, 0.885937511920929, 0.859375, 0.828125], [0.859375, 0.887499988079071, 0.8578125238418579, 0.823437511920929], [0.875, 0.8921874761581421, 0.862500011920929, 0.8218749761581421], [0.878125011920929, 0.890625, 0.856249988079071, 0.846875011920929], [0.854687511920929, 0.887499988079071, 0.862500011920929, 0.824999988079071], [0.879687488079071, 0.8890625238418579, 0.8578125238418579, 0.854687511920929], [0.8843749761581421, 0.903124988079071, 0.856249988079071, 0.8453124761581421], [0.890625, 0.9078124761581421, 0.8812500238418579, 0.840624988079071], [0.885937511920929, 0.90625, 0.8671875, 0.839062511920929], [0.885937511920929, 0.90625, 0.870312511920929, 0.848437488079071], [0.910937488079071, 0.918749988079071, 0.8968750238418579, 0.8765624761581421], [0.901562511920929, 0.9296875, 0.8921874761581421, 0.885937511920929], [0.903124988079071, 0.925000011920929, 0.910937488079071, 0.879687488079071], [0.901562511920929, 0.909375011920929, 0.887499988079071, 0.879687488079071]], "dev_per_class_accuracies": [[0.815625011920929, 0.792187511920929, 0.809374988079071, 0.8218749761581421], [0.8578125238418579, 0.8828125, 0.8218749761581421, 0.768750011920929], [0.856249988079071, 0.8968750238418579, 0.823437511920929, 0.8218749761581421], [0.839062511920929, 0.903124988079071, 0.8359375, 0.828125], [0.8453124761581421, 0.90625, 0.832812488079071, 0.823437511920929], [0.8203125, 0.885937511920929, 0.828125, 0.848437488079071], [0.8359375, 0.903124988079071, 0.8343750238418579, 0.8500000238418579], [0.840624988079071, 0.9046875238418579, 0.8296874761581421, 0.8578125238418579], [0.84375, 0.90625, 0.831250011920929, 0.862500011920929], [0.8500000238418579, 0.909375011920929, 0.8265625238418579, 0.859375], [0.8515625, 0.8984375, 0.8265625238418579, 0.862500011920929], [0.848437488079071, 0.8999999761581421, 0.8343750238418579, 0.862500011920929], [0.8531249761581421, 0.8999999761581421, 0.831250011920929, 0.848437488079071], [0.8531249761581421, 0.903124988079071, 0.840624988079071, 0.859375], [0.8515625, 0.9078124761581421, 0.8359375, 0.856249988079071], [0.848437488079071, 0.8984375, 0.832812488079071, 0.8500000238418579], [0.8421875238418579, 0.8999999761581421, 0.8140624761581421, 0.8578125238418579], [0.832812488079071, 0.8828125, 0.815625011920929, 0.823437511920929], [0.8343750238418579, 0.8999999761581421, 0.8031250238418579, 0.84375], [0.832812488079071, 0.8984375, 0.8140624761581421, 0.8500000238418579], [0.8359375, 0.8968750238418579, 0.8125, 0.848437488079071], [0.8296874761581421, 0.8968750238418579, 0.8125, 0.8500000238418579]], "train_average_accuracies": [0.8097655773162842, 0.832812488079071, 0.849609375, 0.8515625, 0.8519530892372131, 0.845703125, 0.8558593988418579, 0.8582030534744263, 0.856249988079071, 0.8570312857627869, 0.8628906011581421, 0.867968738079071, 0.857421875, 0.870312511920929, 0.8722655773162842, 0.880078136920929, 0.8746093511581421, 0.877734363079071, 0.9007812738418579, 0.9023436903953552, 0.9046875238418579, 0.89453125], "dev_average_accuracies": [0.7671874761581421, 0.8109375238418579, 0.8203125, 0.8374999761581421, 0.842968761920929, 0.840624988079071, 0.8500000238418579, 0.852343738079071, 0.8609374761581421, 0.861328125, 0.8597655892372131, 0.8613280653953552, 0.858203113079071, 0.864062488079071, 0.8628906607627869, 0.857421875, 0.853515625, 0.838671863079071, 0.8453124761581421, 0.8488280773162842, 0.848437488079071, 0.8472656011581421], "best_epoch": 13, "best_acc": 0.864062488079071}