{"train_losses": [2.1692309021949767, 1.7113093793392182, 1.625117337703705, 1.5146309196949006, 1.4467806339263916, 1.4526441633701324, 1.3009680569171906, 1.3179449617862702, 1.317305964231491, 1.153546205163002, 1.0335815340280532, 0.923202034831047, 0.8779662638902664, 0.8580668181180954, 0.7477073699235917, 0.705666446685791, 0.643948695063591, 0.5773624777793884, 0.5298417121171951, 0.46612184792757033, 0.453556601703167, 0.4318608283996582], "dev_losses": [1.8081195294857024, 1.6126953125, 1.4894968390464782, 1.4592644155025483, 1.4541845113039016, 1.5208004653453826, 1.4048961222171783, 1.4008016109466552, 1.389342650771141, 1.3495901077985764, 1.3710240870714188, 1.3672852158546447, 1.3874320209026336, 1.4480635285377503, 1.437345951795578, 1.4307532757520676, 1.4206854820251464, 1.494854074716568, 1.455639761686325, 1.446669054031372, 1.4577468812465668, 1.4507137686014175], "train_per_class_accuracies": [[0.7984374761581421, 0.7984374761581421, 0.776562511920929, 0.6953125], [0.8187500238418579, 0.839062511920929, 0.8031250238418579, 0.7828124761581421], [0.8359375, 0.8734375238418579, 0.809374988079071, 0.762499988079071], [0.848437488079071, 0.879687488079071, 0.817187488079071, 0.8046875], [0.846875011920929, 0.871874988079071, 0.8296874761581421, 0.823437511920929], [0.848437488079071, 0.8765624761581421, 0.840624988079071, 0.796875], [0.848437488079071, 0.901562511920929, 0.839062511920929, 0.8109375238418579], [0.871874988079071, 0.875, 0.839062511920929, 0.823437511920929], [0.856249988079071, 0.8921874761581421, 0.8453124761581421, 0.815625011920929], [0.8890625238418579, 0.903124988079071, 0.870312511920929, 0.8421875238418579], [0.893750011920929, 0.9140625, 0.8921874761581421, 0.846875011920929], [0.9125000238418579, 0.9234374761581421, 0.901562511920929, 0.8828125], [0.910937488079071, 0.925000011920929, 0.918749988079071, 0.8812500238418579], [0.9125000238418579, 0.9234374761581421, 0.901562511920929, 0.895312488079071], [0.932812511920929, 0.9390624761581421, 0.9140625, 0.917187511920929], [0.925000011920929, 0.9453125, 0.932812511920929, 0.9156249761581421], [0.934374988079071, 0.9375, 0.9359375238418579, 0.9390624761581421], [0.9609375, 0.9609375, 0.9468749761581421, 0.940625011920929], [0.953125, 0.9609375, 0.948437511920929, 0.953125], [0.9593750238418579, 0.96875, 0.9703124761581421, 0.956250011920929], [0.956250011920929, 0.973437488079071, 0.956250011920929, 0.953125], [0.965624988079071, 0.973437488079071, 0.956250011920929, 0.9609375]], "dev_per_class_accuracies": [[0.815625011920929, 0.792187511920929, 0.809374988079071, 0.8218749761581421], [0.8578125238418579, 0.8828125, 0.8218749761581421, 0.768750011920929], [0.856249988079071, 0.8968750238418579, 0.823437511920929, 0.8218749761581421], [0.839062511920929, 0.903124988079071, 0.8359375, 0.828125], [0.8453124761581421, 0.90625, 0.832812488079071, 0.823437511920929], [0.8203125, 0.885937511920929, 0.828125, 0.848437488079071], [0.8359375, 0.903124988079071, 0.8343750238418579, 0.8500000238418579], [0.840624988079071, 0.9046875238418579, 0.8296874761581421, 0.8578125238418579], [0.8374999761581421, 0.90625, 0.8187500238418579, 0.862500011920929], [0.8500000238418579, 0.9046875238418579, 0.828125, 0.8656250238418579], [0.8515625, 0.909375011920929, 0.824999988079071, 0.8734375238418579], [0.8515625, 0.90625, 0.8296874761581421, 0.875], [0.8531249761581421, 0.8828125, 0.8343750238418579, 0.8687499761581421], [0.840624988079071, 0.890625, 0.8421875238418579, 0.8515625], [0.8656250238418579, 0.903124988079071, 0.831250011920929, 0.8531249761581421], [0.848437488079071, 0.9046875238418579, 0.839062511920929, 0.8515625], [0.856249988079071, 0.903124988079071, 0.831250011920929, 0.840624988079071], [0.8609374761581421, 0.885937511920929, 0.840624988079071, 0.8609374761581421], [0.856249988079071, 0.895312488079071, 0.839062511920929, 0.8656250238418579], [0.859375, 0.8984375, 0.8374999761581421, 0.8687499761581421], [0.859375, 0.893750011920929, 0.8343750238418579, 0.8656250238418579], [0.8531249761581421, 0.895312488079071, 0.8343750238418579, 0.8687499761581421]], "train_average_accuracies": [0.8097655773162842, 0.832812488079071, 0.849609375, 0.8515625, 0.8519530892372131, 0.845703125, 0.8558593988418579, 0.8582030534744263, 0.852343738079071, 0.8761718273162842, 0.8867186903953552, 0.905078113079071, 0.9089844226837158, 0.908203125, 0.92578125, 0.9296875, 0.9367188215255737, 0.952343761920929, 0.953906238079071, 0.963671863079071, 0.959765613079071, 0.964062511920929], "dev_average_accuracies": [0.7671874761581421, 0.8109375238418579, 0.8203125, 0.8374999761581421, 0.842968761920929, 0.840624988079071, 0.8500000238418579, 0.852343738079071, 0.856249988079071, 0.8621094226837158, 0.8648437261581421, 0.8656250238418579, 0.8597656488418579, 0.8562500476837158, 0.86328125, 0.8609374761581421, 0.8578125238418579, 0.8621094226837158, 0.8640625476837158, 0.8660156726837158, 0.86328125, 0.8628906011581421], "best_epoch": 19, "best_acc": 0.8660156726837158}