{"train_losses": [2.1692309021949767, 1.7113093793392182, 1.625117337703705, 1.5146309196949006, 1.4467806339263916, 1.4526441633701324, 1.3009680569171906, 1.3179449617862702, 1.325034075975418, 1.3183105289936066, 1.326570588350296, 1.354487770795822, 1.3503856539726258, 1.2765897870063783, 1.2861600935459137, 1.2837526381015778, 1.2787666618824005, 1.2636447727680207, 1.193633845448494, 1.163651967048645, 1.179394206404686, 1.158485436439514], "dev_losses": [1.8081195294857024, 1.6126953125, 1.4894968390464782, 1.4592644155025483, 1.4541845113039016, 1.5208004653453826, 1.4048961222171783, 1.4008016109466552, 1.3741135001182556, 1.3840315818786622, 1.391630733013153, 1.420520469546318, 1.4675251215696334, 1.4475114405155183, 1.4502495288848878, 1.549861377477646, 1.4743064135313033, 1.5190912753343582, 1.476719903945923, 1.4803021430969239, 1.4783193230628968, 1.486344850063324], "train_per_class_accuracies": [[0.7984374761581421, 0.7984374761581421, 0.776562511920929, 0.6953125], [0.8187500238418579, 0.839062511920929, 0.8031250238418579, 0.7828124761581421], [0.8359375, 0.8734375238418579, 0.809374988079071, 0.762499988079071], [0.848437488079071, 0.879687488079071, 0.817187488079071, 0.8046875], [0.846875011920929, 0.871874988079071, 0.8296874761581421, 0.823437511920929], [0.848437488079071, 0.8765624761581421, 0.840624988079071, 0.796875], [0.848437488079071, 0.901562511920929, 0.839062511920929, 0.8109375238418579], [0.871874988079071, 0.875, 0.839062511920929, 0.823437511920929], [0.854687511920929, 0.8812500238418579, 0.856249988079071, 0.8062499761581421], [0.862500011920929, 0.879687488079071, 0.8609374761581421, 0.8125], [0.859375, 0.8968750238418579, 0.8453124761581421, 0.824999988079071], [0.8609374761581421, 0.8999999761581421, 0.8343750238418579, 0.8140624761581421], [0.8515625, 0.8734375238418579, 0.8421875238418579, 0.831250011920929], [0.859375, 0.8921874761581421, 0.8453124761581421, 0.832812488079071], [0.862500011920929, 0.885937511920929, 0.8359375, 0.832812488079071], [0.8734375238418579, 0.879687488079071, 0.848437488079071, 0.817187488079071], [0.8671875, 0.885937511920929, 0.848437488079071, 0.823437511920929], [0.870312511920929, 0.903124988079071, 0.8578125238418579, 0.8359375], [0.8828125, 0.895312488079071, 0.8531249761581421, 0.8453124761581421], [0.8734375238418579, 0.8999999761581421, 0.854687511920929, 0.848437488079071], [0.878125011920929, 0.895312488079071, 0.8656250238418579, 0.832812488079071], [0.8765624761581421, 0.8921874761581421, 0.8531249761581421, 0.8453124761581421]], "dev_per_class_accuracies": [[0.815625011920929, 0.792187511920929, 0.809374988079071, 0.8218749761581421], [0.8578125238418579, 0.8828125, 0.8218749761581421, 0.768750011920929], [0.856249988079071, 0.8968750238418579, 0.823437511920929, 0.8218749761581421], [0.839062511920929, 0.903124988079071, 0.8359375, 0.828125], [0.8453124761581421, 0.90625, 0.832812488079071, 0.823437511920929], [0.8203125, 0.885937511920929, 0.828125, 0.848437488079071], [0.8359375, 0.903124988079071, 0.8343750238418579, 0.8500000238418579], [0.840624988079071, 0.9046875238418579, 0.8296874761581421, 0.8578125238418579], [0.846875011920929, 0.90625, 0.8359375, 0.8515625], [0.848437488079071, 0.90625, 0.839062511920929, 0.84375], [0.848437488079071, 0.90625, 0.831250011920929, 0.8609374761581421], [0.8421875238418579, 0.895312488079071, 0.8265625238418579, 0.864062488079071], [0.8421875238418579, 0.893750011920929, 0.824999988079071, 0.848437488079071], [0.840624988079071, 0.8968750238418579, 0.8218749761581421, 0.8500000238418579], [0.8374999761581421, 0.901562511920929, 0.823437511920929, 0.848437488079071], [0.839062511920929, 0.8968750238418579, 0.8218749761581421, 0.8421875238418579], [0.840624988079071, 0.8921874761581421, 0.824999988079071, 0.8578125238418579], [0.8421875238418579, 0.8999999761581421, 0.800000011920929, 0.84375], [0.8374999761581421, 0.895312488079071, 0.817187488079071, 0.84375], [0.8421875238418579, 0.893750011920929, 0.823437511920929, 0.84375], [0.8500000238418579, 0.8984375, 0.8187500238418579, 0.848437488079071], [0.8374999761581421, 0.8890625238418579, 0.8203125, 0.8500000238418579]], "train_average_accuracies": [0.8097655773162842, 0.832812488079071, 0.849609375, 0.8515625, 0.8519530892372131, 0.845703125, 0.8558593988418579, 0.8582030534744263, 0.849609375, 0.8539062738418579, 0.856640636920929, 0.8523437976837158, 0.849609375, 0.857421875, 0.854296863079071, 0.854687511920929, 0.856249988079071, 0.8667968511581421, 0.869140625, 0.869140625, 0.867968738079071, 0.8667968511581421], "dev_average_accuracies": [0.7671874761581421, 0.8109375238418579, 0.8203125, 0.8374999761581421, 0.842968761920929, 0.840624988079071, 0.8500000238418579, 0.852343738079071, 0.860156238079071, 0.859375, 0.8617187738418579, 0.8570312857627869, 0.8523437976837158, 0.8523436784744263, 0.852734386920929, 0.8500000238418579, 0.8539062738418579, 0.846484363079071, 0.848437488079071, 0.850781261920929, 0.8539062738418579, 0.8492187261581421], "best_epoch": 10, "best_acc": 0.8617187738418579}