{"train_losses": [2.250852185487747, 1.6676855862140656, 1.5980256736278533, 1.603166151046753, 1.44931401014328, 1.456353735923767, 1.350447064638138, 1.3053538799285889, 1.3680644989013673, 1.1546211689710617, 1.0891145527362824, 0.9564322382211685, 0.8726398766040802, 0.841754800081253, 0.77298903465271, 0.7123286098241806, 0.6675280228257179, 0.6135372161865235, 0.5635560467839241, 0.6020202025771141, 0.4915638342499733, 0.4509701281785965], "dev_losses": [1.6871762692928314, 1.592165344953537, 1.5400216937065125, 1.6356975048780442, 1.503084087371826, 1.4415264904499054, 1.4307855874300004, 1.435607558488846, 1.4286445468664168, 1.417938870191574, 1.393064370751381, 1.3948009371757508, 1.3900171995162964, 1.4487994402647018, 1.4473665475845336, 1.441615056991577, 1.5004907160997392, 1.5655874729156494, 1.486695072054863, 1.4639201194047928, 1.4670017033815383, 1.4641641467809676], "train_per_class_accuracies": [[0.796875, 0.7953125238418579, 0.7718750238418579, 0.635937511920929], [0.8203125, 0.8578125238418579, 0.8031250238418579, 0.731249988079071], [0.828125, 0.8656250238418579, 0.823437511920929, 0.762499988079071], [0.840624988079071, 0.8734375238418579, 0.8109375238418579, 0.776562511920929], [0.84375, 0.879687488079071, 0.839062511920929, 0.807812511920929], [0.839062511920929, 0.871874988079071, 0.848437488079071, 0.7890625], [0.862500011920929, 0.8890625238418579, 0.831250011920929, 0.815625011920929], [0.871874988079071, 0.890625, 0.8374999761581421, 0.807812511920929], [0.8515625, 0.8765624761581421, 0.84375, 0.8140624761581421], [0.8765624761581421, 0.918749988079071, 0.8656250238418579, 0.84375], [0.8843749761581421, 0.9140625, 0.8656250238418579, 0.84375], [0.8999999761581421, 0.9390624761581421, 0.909375011920929, 0.8656250238418579], [0.918749988079071, 0.9359375238418579, 0.901562511920929, 0.8921874761581421], [0.90625, 0.934374988079071, 0.9125000238418579, 0.887499988079071], [0.917187511920929, 0.9468749761581421, 0.926562488079071, 0.9046875238418579], [0.926562488079071, 0.934374988079071, 0.948437511920929, 0.910937488079071], [0.9468749761581421, 0.953125, 0.9468749761581421, 0.9156249761581421], [0.9468749761581421, 0.957812488079071, 0.9375, 0.940625011920929], [0.9437500238418579, 0.957812488079071, 0.965624988079071, 0.953125], [0.9453125, 0.9593750238418579, 0.9593750238418579, 0.9375], [0.965624988079071, 0.971875011920929, 0.964062511920929, 0.948437511920929], [0.964062511920929, 0.9671875238418579, 0.9703124761581421, 0.956250011920929]], "dev_per_class_accuracies": [[0.7906249761581421, 0.8828125, 0.7906249761581421, 0.807812511920929], [0.817187488079071, 0.885937511920929, 0.8343750238418579, 0.832812488079071], [0.8296874761581421, 0.890625, 0.8218749761581421, 0.839062511920929], [0.8187500238418579, 0.8812500238418579, 0.8187500238418579, 0.8296874761581421], [0.8265625238418579, 0.890625, 0.832812488079071, 0.8265625238418579], [0.846875011920929, 0.887499988079071, 0.832812488079071, 0.8343750238418579], [0.8515625, 0.890625, 0.8343750238418579, 0.8359375], [0.8500000238418579, 0.890625, 0.8296874761581421, 0.8453124761581421], [0.854687511920929, 0.8984375, 0.84375, 0.8609374761581421], [0.864062488079071, 0.8984375, 0.8359375, 0.8765624761581421], [0.856249988079071, 0.9125000238418579, 0.8359375, 0.8609374761581421], [0.856249988079071, 0.90625, 0.832812488079071, 0.8531249761581421], [0.8500000238418579, 0.8921874761581421, 0.846875011920929, 0.8515625], [0.8656250238418579, 0.890625, 0.8343750238418579, 0.8656250238418579], [0.8609374761581421, 0.901562511920929, 0.8109375238418579, 0.8609374761581421], [0.848437488079071, 0.893750011920929, 0.824999988079071, 0.854687511920929], [0.8515625, 0.8921874761581421, 0.8343750238418579, 0.859375], [0.840624988079071, 0.887499988079071, 0.823437511920929, 0.8187500238418579], [0.859375, 0.895312488079071, 0.831250011920929, 0.839062511920929], [0.8609374761581421, 0.901562511920929, 0.8343750238418579, 0.846875011920929], [0.862500011920929, 0.8999999761581421, 0.832812488079071, 0.84375], [0.862500011920929, 0.8999999761581421, 0.8359375, 0.8421875238418579]], "train_average_accuracies": [0.8179687261581421, 0.842578113079071, 0.8453124761581421, 0.8371094465255737, 0.8441406488418579, 0.8503906726837158, 0.8531249761581421, 0.8539062738418579, 0.8464844226837158, 0.8761718273162842, 0.876953125, 0.9035155773162842, 0.912109375, 0.9101563096046448, 0.923828125, 0.9300781488418579, 0.9406249523162842, 0.9457030892372131, 0.955078125, 0.950390636920929, 0.9624999761581421, 0.9644531607627869], "dev_average_accuracies": [0.75, 0.8031250238418579, 0.8199219107627869, 0.825390636920929, 0.842578113079071, 0.837109386920929, 0.849609375, 0.8519530892372131, 0.8644530773162842, 0.8687499761581421, 0.8664062023162842, 0.8621094226837158, 0.860156238079071, 0.8640625476837158, 0.8585938215255737, 0.85546875, 0.859375, 0.8425781726837158, 0.856249988079071, 0.8609375357627869, 0.8597656488418579, 0.8601562976837158], "best_epoch": 9, "best_acc": 0.8687499761581421}