{"train_losses": [2.250852185487747, 1.6676855862140656, 1.5980256736278533, 1.603166151046753, 1.44931401014328, 1.456353735923767, 1.350447064638138, 1.3053538799285889, 1.4122435390949248, 1.05855792760849, 0.8672725468873977, 0.6378237634897232, 0.5406257674098015, 0.47640959173440933, 0.40825447589159014, 0.3309052988886833, 0.3303548976778984, 0.311441395431757, 0.28855846673250196, 0.28208777755498887, 0.33129120618104935, 0.2982524558901787], "dev_losses": [1.6871762692928314, 1.592165344953537, 1.5400216937065125, 1.6356975048780442, 1.503084087371826, 1.4415264904499054, 1.4307855874300004, 1.435607558488846, 1.4722188740968705, 1.3884755313396453, 1.357632076740265, 1.3515378952026367, 1.3792819917201995, 1.397534143924713, 1.3720054090023042, 1.3669991314411163, 1.3734481275081634, 1.377775564789772, 1.3792898148298263, 1.388209241628647, 1.394588303565979, 1.38815276324749], "train_per_class_accuracies": [[0.796875, 0.7953125238418579, 0.7718750238418579, 0.635937511920929], [0.8203125, 0.8578125238418579, 0.8031250238418579, 0.731249988079071], [0.828125, 0.8656250238418579, 0.823437511920929, 0.762499988079071], [0.840624988079071, 0.8734375238418579, 0.8109375238418579, 0.776562511920929], [0.84375, 0.879687488079071, 0.839062511920929, 0.807812511920929], [0.839062511920929, 0.871874988079071, 0.848437488079071, 0.7890625], [0.862500011920929, 0.8890625238418579, 0.831250011920929, 0.815625011920929], [0.871874988079071, 0.890625, 0.8374999761581421, 0.807812511920929], [0.848437488079071, 0.8812500238418579, 0.846875011920929, 0.800000011920929], [0.893750011920929, 0.9203125238418579, 0.875, 0.864062488079071], [0.8968750238418579, 0.932812511920929, 0.909375011920929, 0.8656250238418579], [0.9453125, 0.9546874761581421, 0.9359375238418579, 0.918749988079071], [0.9390624761581421, 0.9546874761581421, 0.957812488079071, 0.942187488079071], [0.948437511920929, 0.9671875238418579, 0.9593750238418579, 0.9453125], [0.96875, 0.9765625, 0.9703124761581421, 0.9437500238418579], [0.9750000238418579, 0.979687511920929, 0.971875011920929, 0.9609375], [0.9781249761581421, 0.9703124761581421, 0.971875011920929, 0.979687511920929], [0.979687511920929, 0.987500011920929, 0.9765625, 0.9703124761581421], [0.984375, 0.984375, 0.9828125238418579, 0.9750000238418579], [0.9765625, 0.989062488079071, 0.984375, 0.979687511920929], [0.979687511920929, 0.9750000238418579, 0.9750000238418579, 0.9624999761581421], [0.979687511920929, 0.984375, 0.9828125238418579, 0.9671875238418579]], "dev_per_class_accuracies": [[0.7906249761581421, 0.8828125, 0.7906249761581421, 0.807812511920929], [0.817187488079071, 0.885937511920929, 0.8343750238418579, 0.832812488079071], [0.8296874761581421, 0.890625, 0.8218749761581421, 0.839062511920929], [0.8187500238418579, 0.8812500238418579, 0.8187500238418579, 0.8296874761581421], [0.8265625238418579, 0.890625, 0.832812488079071, 0.8265625238418579], [0.846875011920929, 0.887499988079071, 0.832812488079071, 0.8343750238418579], [0.8515625, 0.890625, 0.8343750238418579, 0.8359375], [0.8500000238418579, 0.890625, 0.8296874761581421, 0.8453124761581421], [0.8515625, 0.8812500238418579, 0.84375, 0.846875011920929], [0.854687511920929, 0.903124988079071, 0.8453124761581421, 0.8500000238418579], [0.8531249761581421, 0.8968750238418579, 0.84375, 0.8500000238418579], [0.8609374761581421, 0.90625, 0.831250011920929, 0.862500011920929], [0.8609374761581421, 0.90625, 0.84375, 0.862500011920929], [0.856249988079071, 0.901562511920929, 0.840624988079071, 0.848437488079071], [0.8500000238418579, 0.9078124761581421, 0.840624988079071, 0.864062488079071], [0.856249988079071, 0.903124988079071, 0.840624988079071, 0.8609374761581421], [0.856249988079071, 0.9046875238418579, 0.84375, 0.862500011920929], [0.856249988079071, 0.9078124761581421, 0.8421875238418579, 0.8609374761581421], [0.854687511920929, 0.9078124761581421, 0.8453124761581421, 0.8671875], [0.8531249761581421, 0.9046875238418579, 0.8421875238418579, 0.8578125238418579], [0.8500000238418579, 0.901562511920929, 0.8421875238418579, 0.864062488079071], [0.8531249761581421, 0.8984375, 0.839062511920929, 0.862500011920929]], "train_average_accuracies": [0.8179687261581421, 0.842578113079071, 0.8453124761581421, 0.8371094465255737, 0.8441406488418579, 0.8503906726837158, 0.8531249761581421, 0.8539062738418579, 0.8441405892372131, 0.8882812857627869, 0.9011719226837158, 0.938671886920929, 0.948437511920929, 0.955078125, 0.96484375, 0.971875011920929, 0.9749999642372131, 0.978515625, 0.9816405773162842, 0.982421875, 0.9730468988418579, 0.978515625], "dev_average_accuracies": [0.75, 0.8031250238418579, 0.8199219107627869, 0.825390636920929, 0.842578113079071, 0.837109386920929, 0.849609375, 0.8519530892372131, 0.8558593392372131, 0.86328125, 0.8609374761581421, 0.865234375, 0.868359386920929, 0.8617187738418579, 0.8656250238418579, 0.865234375, 0.8667968511581421, 0.8667968511581421, 0.8687499761581421, 0.8644530773162842, 0.864453136920929, 0.86328125], "best_epoch": 18, "best_acc": 0.8687499761581421}