{"train_losses": [2.250852185487747, 1.6676855862140656, 1.5980256736278533, 1.603166151046753, 1.44931401014328, 1.456353735923767, 1.350447064638138, 1.3053538799285889, 1.3301516234874726, 1.006124746799469, 0.8886167526245117, 0.7000382393598557, 0.6063609629869461, 0.4838293805718422, 0.3864456608891487, 0.38025153502821923, 0.3130409516394138, 0.31384878009557726, 0.26651741117239, 0.21886258348822593, 0.22084623500704764, 0.25873456448316573], "dev_losses": [1.6871762692928314, 1.592165344953537, 1.5400216937065125, 1.6356975048780442, 1.503084087371826, 1.4415264904499054, 1.4307855874300004, 1.435607558488846, 1.5006039619445801, 1.439133605360985, 1.3882276684045791, 1.4265728831291198, 1.4463940650224685, 1.4023825466632842, 1.4286576896905898, 1.441195997595787, 1.511767628788948, 1.588077998161316, 1.5410881131887435, 1.51101755797863, 1.4899019688367843, 1.4952599942684173], "train_per_class_accuracies": [[0.796875, 0.7953125238418579, 0.7718750238418579, 0.635937511920929], [0.8203125, 0.8578125238418579, 0.8031250238418579, 0.731249988079071], [0.828125, 0.8656250238418579, 0.823437511920929, 0.762499988079071], [0.840624988079071, 0.8734375238418579, 0.8109375238418579, 0.776562511920929], [0.84375, 0.879687488079071, 0.839062511920929, 0.807812511920929], [0.839062511920929, 0.871874988079071, 0.848437488079071, 0.7890625], [0.862500011920929, 0.8890625238418579, 0.831250011920929, 0.815625011920929], [0.871874988079071, 0.890625, 0.8374999761581421, 0.807812511920929], [0.8609374761581421, 0.879687488079071, 0.862500011920929, 0.8125], [0.895312488079071, 0.9156249761581421, 0.8968750238418579, 0.862500011920929], [0.9156249761581421, 0.9234374761581421, 0.901562511920929, 0.878125011920929], [0.9390624761581421, 0.9453125, 0.940625011920929, 0.8984375], [0.9437500238418579, 0.9671875238418579, 0.9453125, 0.9203125238418579], [0.9671875238418579, 0.973437488079071, 0.9515625238418579, 0.9468749761581421], [0.965624988079071, 0.9703124761581421, 0.9750000238418579, 0.9546874761581421], [0.973437488079071, 0.971875011920929, 0.973437488079071, 0.9593750238418579], [0.9781249761581421, 0.984375, 0.9781249761581421, 0.965624988079071], [0.9781249761581421, 0.9781249761581421, 0.9765625, 0.9609375], [0.981249988079071, 0.979687511920929, 0.9781249761581421, 0.9859374761581421], [0.9906250238418579, 0.9906250238418579, 0.9937499761581421, 0.989062488079071], [0.9859374761581421, 0.9921875, 0.981249988079071, 0.989062488079071], [0.9828125238418579, 0.987500011920929, 0.9859374761581421, 0.965624988079071]], "dev_per_class_accuracies": [[0.7906249761581421, 0.8828125, 0.7906249761581421, 0.807812511920929], [0.817187488079071, 0.885937511920929, 0.8343750238418579, 0.832812488079071], [0.8296874761581421, 0.890625, 0.8218749761581421, 0.839062511920929], [0.8187500238418579, 0.8812500238418579, 0.8187500238418579, 0.8296874761581421], [0.8265625238418579, 0.890625, 0.832812488079071, 0.8265625238418579], [0.846875011920929, 0.887499988079071, 0.832812488079071, 0.8343750238418579], [0.8515625, 0.890625, 0.8343750238418579, 0.8359375], [0.8500000238418579, 0.890625, 0.8296874761581421, 0.8453124761581421], [0.8531249761581421, 0.903124988079071, 0.832812488079071, 0.8343750238418579], [0.859375, 0.893750011920929, 0.8421875238418579, 0.8578125238418579], [0.8515625, 0.9125000238418579, 0.8374999761581421, 0.8578125238418579], [0.859375, 0.8999999761581421, 0.8218749761581421, 0.871874988079071], [0.84375, 0.893750011920929, 0.823437511920929, 0.8734375238418579], [0.859375, 0.895312488079071, 0.8218749761581421, 0.859375], [0.856249988079071, 0.8890625238418579, 0.8218749761581421, 0.8578125238418579], [0.856249988079071, 0.890625, 0.823437511920929, 0.862500011920929], [0.856249988079071, 0.8890625238418579, 0.8343750238418579, 0.8515625], [0.859375, 0.890625, 0.8140624761581421, 0.8515625], [0.862500011920929, 0.8921874761581421, 0.8265625238418579, 0.8609374761581421], [0.859375, 0.890625, 0.8296874761581421, 0.871874988079071], [0.862500011920929, 0.8921874761581421, 0.8296874761581421, 0.8734375238418579], [0.8609374761581421, 0.8921874761581421, 0.832812488079071, 0.864062488079071]], "train_average_accuracies": [0.8179687261581421, 0.842578113079071, 0.8453124761581421, 0.8371094465255737, 0.8441406488418579, 0.8503906726837158, 0.8531249761581421, 0.8539062738418579, 0.8539062142372131, 0.8925780653953552, 0.9046874642372131, 0.930859386920929, 0.9441406726837158, 0.9597656726837158, 0.9664062261581421, 0.9695312976837158, 0.9765625, 0.973437488079071, 0.9812500476837158, 0.991015613079071, 0.987109363079071, 0.9804688096046448], "dev_average_accuracies": [0.75, 0.8031250238418579, 0.8199219107627869, 0.825390636920929, 0.842578113079071, 0.837109386920929, 0.849609375, 0.8519530892372131, 0.8558593988418579, 0.86328125, 0.8648437261581421, 0.86328125, 0.8585937023162842, 0.8589843511581421, 0.8562499284744263, 0.858203113079071, 0.8578125238418579, 0.8539062738418579, 0.8605469465255737, 0.8628906607627869, 0.8644530773162842, 0.862500011920929], "best_epoch": 10, "best_acc": 0.8648437261581421}