{"train_losses": [2.250852185487747, 1.6676855862140656, 1.5980256736278533, 1.603166151046753, 1.44931401014328, 1.456353735923767, 1.350447064638138, 1.3053538799285889, 1.3783574283123017, 1.2142885357141495, 1.3243651211261749, 1.2753033876419066, 1.1912477642297745, 1.2184211999177932, 1.2291712254285811, 1.1647706538438798, 1.1451354384422303, 1.1415121763944627, 1.0198799937963485, 1.0239908546209335, 0.9312270760536194, 0.948744148015976], "dev_losses": [1.6871762692928314, 1.592165344953537, 1.5400216937065125, 1.6356975048780442, 1.503084087371826, 1.4415264904499054, 1.4307855874300004, 1.435607558488846, 1.4273348867893219, 1.408585748076439, 1.4035315304994582, 1.4301803767681123, 1.4421007364988327, 1.4608456254005433, 1.4710133612155913, 1.4861492395401001, 1.5328989505767823, 1.4765252351760865, 1.4870918989181519, 1.4721321761608124, 1.4678298354148864, 1.4570370346307755], "train_per_class_accuracies": [[0.796875, 0.7953125238418579, 0.7718750238418579, 0.635937511920929], [0.8203125, 0.8578125238418579, 0.8031250238418579, 0.731249988079071], [0.828125, 0.8656250238418579, 0.823437511920929, 0.762499988079071], [0.840624988079071, 0.8734375238418579, 0.8109375238418579, 0.776562511920929], [0.84375, 0.879687488079071, 0.839062511920929, 0.807812511920929], [0.839062511920929, 0.871874988079071, 0.848437488079071, 0.7890625], [0.862500011920929, 0.8890625238418579, 0.831250011920929, 0.815625011920929], [0.871874988079071, 0.890625, 0.8374999761581421, 0.807812511920929], [0.854687511920929, 0.8656250238418579, 0.840624988079071, 0.7984374761581421], [0.875, 0.901562511920929, 0.870312511920929, 0.8218749761581421], [0.856249988079071, 0.895312488079071, 0.8500000238418579, 0.8062499761581421], [0.879687488079071, 0.895312488079071, 0.859375, 0.8218749761581421], [0.878125011920929, 0.910937488079071, 0.864062488079071, 0.817187488079071], [0.8812500238418579, 0.90625, 0.8671875, 0.807812511920929], [0.8734375238418579, 0.890625, 0.8656250238418579, 0.815625011920929], [0.879687488079071, 0.901562511920929, 0.875, 0.846875011920929], [0.887499988079071, 0.918749988079071, 0.8734375238418579, 0.856249988079071], [0.878125011920929, 0.893750011920929, 0.8765624761581421, 0.856249988079071], [0.879687488079071, 0.918749988079071, 0.901562511920929, 0.875], [0.8984375, 0.921875, 0.885937511920929, 0.8687499761581421], [0.90625, 0.940625011920929, 0.9140625, 0.864062488079071], [0.909375011920929, 0.9078124761581421, 0.90625, 0.8656250238418579]], "dev_per_class_accuracies": [[0.7906249761581421, 0.8828125, 0.7906249761581421, 0.807812511920929], [0.817187488079071, 0.885937511920929, 0.8343750238418579, 0.832812488079071], [0.8296874761581421, 0.890625, 0.8218749761581421, 0.839062511920929], [0.8187500238418579, 0.8812500238418579, 0.8187500238418579, 0.8296874761581421], [0.8265625238418579, 0.890625, 0.832812488079071, 0.8265625238418579], [0.846875011920929, 0.887499988079071, 0.832812488079071, 0.8343750238418579], [0.8515625, 0.890625, 0.8343750238418579, 0.8359375], [0.8500000238418579, 0.890625, 0.8296874761581421, 0.8453124761581421], [0.8515625, 0.901562511920929, 0.84375, 0.839062511920929], [0.8500000238418579, 0.9046875238418579, 0.832812488079071, 0.859375], [0.8515625, 0.9046875238418579, 0.840624988079071, 0.8453124761581421], [0.8500000238418579, 0.8984375, 0.848437488079071, 0.8187500238418579], [0.8578125238418579, 0.879687488079071, 0.8421875238418579, 0.8515625], [0.846875011920929, 0.885937511920929, 0.832812488079071, 0.840624988079071], [0.8421875238418579, 0.895312488079071, 0.8187500238418579, 0.8515625], [0.862500011920929, 0.8843749761581421, 0.817187488079071, 0.832812488079071], [0.839062511920929, 0.890625, 0.8062499761581421, 0.8359375], [0.8515625, 0.8984375, 0.815625011920929, 0.84375], [0.8453124761581421, 0.8921874761581421, 0.801562488079071, 0.8515625], [0.848437488079071, 0.8921874761581421, 0.8125, 0.8515625], [0.8500000238418579, 0.890625, 0.8109375238418579, 0.8374999761581421], [0.8531249761581421, 0.8968750238418579, 0.801562488079071, 0.8296874761581421]], "train_average_accuracies": [0.8179687261581421, 0.842578113079071, 0.8453124761581421, 0.8371094465255737, 0.8441406488418579, 0.8503906726837158, 0.8531249761581421, 0.8539062738418579, 0.83984375, 0.8671875, 0.8519531488418579, 0.8640625476837158, 0.8675781488418579, 0.8656249642372131, 0.861328125, 0.875781238079071, 0.883984386920929, 0.876171886920929, 0.893750011920929, 0.8937499523162842, 0.90625, 0.8972656726837158], "dev_average_accuracies": [0.75, 0.8031250238418579, 0.8199219107627869, 0.825390636920929, 0.842578113079071, 0.837109386920929, 0.849609375, 0.8519530892372131, 0.8589843511581421, 0.8617187738418579, 0.8605468273162842, 0.8539062738418579, 0.8578125238418579, 0.8515625, 0.8519531488418579, 0.8492187857627869, 0.8429687023162842, 0.852343738079071, 0.84765625, 0.8511718511581421, 0.8472656011581421, 0.8453124761581421], "best_epoch": 9, "best_acc": 0.8617187738418579}