{"train_losses": [2.1692309021949767, 1.7113093793392182, 1.625117337703705, 1.5146309196949006, 1.4467806339263916, 1.4526441633701324, 1.3009680569171906, 1.3179449617862702, 1.4186746656894684, 1.0513860881328583, 0.8593378245830536, 0.706437149643898, 0.5926872849464416, 0.4700588762760162, 0.38042826056480405, 0.31268002837896347, 0.3045686237514019, 0.2558462157845497, 0.22242627516388894, 0.23688079826533795, 0.19399620182812213, 0.19963256008923053], "dev_losses": [1.8081195294857024, 1.6126953125, 1.4894968390464782, 1.4592644155025483, 1.4541845113039016, 1.5208004653453826, 1.4048961222171783, 1.4008016109466552, 1.4551357328891754, 1.3788288354873657, 1.3524925410747528, 1.3516517341136933, 1.3776563197374343, 1.434242644906044, 1.4077746778726579, 1.4454623103141784, 1.4604587763547898, 1.4758051872253417, 1.4587974071502685, 1.4590622186660767, 1.4517257690429688, 1.4510861545801164], "train_per_class_accuracies": [[0.7984374761581421, 0.7984374761581421, 0.776562511920929, 0.6953125], [0.8187500238418579, 0.839062511920929, 0.8031250238418579, 0.7828124761581421], [0.8359375, 0.8734375238418579, 0.809374988079071, 0.762499988079071], [0.848437488079071, 0.879687488079071, 0.817187488079071, 0.8046875], [0.846875011920929, 0.871874988079071, 0.8296874761581421, 0.823437511920929], [0.848437488079071, 0.8765624761581421, 0.840624988079071, 0.796875], [0.848437488079071, 0.901562511920929, 0.839062511920929, 0.8109375238418579], [0.871874988079071, 0.875, 0.839062511920929, 0.823437511920929], [0.8453124761581421, 0.878125011920929, 0.8453124761581421, 0.800000011920929], [0.9156249761581421, 0.909375011920929, 0.8671875, 0.859375], [0.9156249761581421, 0.948437511920929, 0.8999999761581421, 0.8999999761581421], [0.9296875, 0.9453125, 0.9234374761581421, 0.921875], [0.9468749761581421, 0.942187488079071, 0.9546874761581421, 0.934374988079071], [0.9609375, 0.964062511920929, 0.9546874761581421, 0.9546874761581421], [0.9781249761581421, 0.973437488079071, 0.96875, 0.957812488079071], [0.9781249761581421, 0.979687511920929, 0.9750000238418579, 0.9703124761581421], [0.9828125238418579, 0.987500011920929, 0.971875011920929, 0.9624999761581421], [0.979687511920929, 0.984375, 0.9859374761581421, 0.9781249761581421], [0.981249988079071, 0.989062488079071, 0.989062488079071, 0.979687511920929], [0.9828125238418579, 0.9906250238418579, 0.989062488079071, 0.9593750238418579], [0.9921875, 0.9906250238418579, 0.9906250238418579, 0.989062488079071], [0.987500011920929, 0.9906250238418579, 0.984375, 0.981249988079071]], "dev_per_class_accuracies": [[0.815625011920929, 0.792187511920929, 0.809374988079071, 0.8218749761581421], [0.8578125238418579, 0.8828125, 0.8218749761581421, 0.768750011920929], [0.856249988079071, 0.8968750238418579, 0.823437511920929, 0.8218749761581421], [0.839062511920929, 0.903124988079071, 0.8359375, 0.828125], [0.8453124761581421, 0.90625, 0.832812488079071, 0.823437511920929], [0.8203125, 0.885937511920929, 0.828125, 0.848437488079071], [0.8359375, 0.903124988079071, 0.8343750238418579, 0.8500000238418579], [0.840624988079071, 0.9046875238418579, 0.8296874761581421, 0.8578125238418579], [0.8500000238418579, 0.910937488079071, 0.8296874761581421, 0.8656250238418579], [0.8500000238418579, 0.8999999761581421, 0.84375, 0.871874988079071], [0.8578125238418579, 0.9046875238418579, 0.8296874761581421, 0.859375], [0.8515625, 0.9046875238418579, 0.846875011920929, 0.8656250238418579], [0.848437488079071, 0.909375011920929, 0.8343750238418579, 0.871874988079071], [0.8421875238418579, 0.903124988079071, 0.8421875238418579, 0.8671875], [0.854687511920929, 0.9140625, 0.839062511920929, 0.871874988079071], [0.8500000238418579, 0.901562511920929, 0.846875011920929, 0.8656250238418579], [0.8531249761581421, 0.8968750238418579, 0.8453124761581421, 0.8500000238418579], [0.84375, 0.8968750238418579, 0.839062511920929, 0.864062488079071], [0.8515625, 0.903124988079071, 0.840624988079071, 0.8578125238418579], [0.8500000238418579, 0.903124988079071, 0.839062511920929, 0.856249988079071], [0.8515625, 0.901562511920929, 0.839062511920929, 0.8656250238418579], [0.848437488079071, 0.9046875238418579, 0.84375, 0.859375]], "train_average_accuracies": [0.8097655773162842, 0.832812488079071, 0.849609375, 0.8515625, 0.8519530892372131, 0.845703125, 0.8558593988418579, 0.8582030534744263, 0.8421874642372131, 0.887890636920929, 0.916015625, 0.9300781488418579, 0.944531261920929, 0.9585937261581421, 0.969531238079071, 0.9757813215255737, 0.9761718511581421, 0.9820312261581421, 0.9847655892372131, 0.98046875, 0.9906250238418579, 0.9859375357627869], "dev_average_accuracies": [0.7671874761581421, 0.8109375238418579, 0.8203125, 0.8374999761581421, 0.842968761920929, 0.840624988079071, 0.8500000238418579, 0.852343738079071, 0.8640624284744263, 0.866406261920929, 0.8628906011581421, 0.8671875, 0.866015613079071, 0.8636718988418579, 0.869921863079071, 0.8660156726837158, 0.861328125, 0.8609375357627869, 0.86328125, 0.862109363079071, 0.8644530773162842, 0.864062488079071], "best_epoch": 14, "best_acc": 0.869921863079071}