{"train_losses": [2.1692309021949767, 1.7113093793392182, 1.625117337703705, 1.5146309196949006, 1.4467806339263916, 1.4526441633701324, 1.3009680569171906, 1.3179449617862702], "dev_losses": [1.8081195294857024, 1.6126953125, 1.4894968390464782, 1.4592644155025483, 1.4541845113039016, 1.5208004653453826, 1.4048961222171783, 1.4008016109466552], "train_per_class_accuracies": [[0.7984374761581421, 0.7984374761581421, 0.776562511920929, 0.6953125], [0.8187500238418579, 0.839062511920929, 0.8031250238418579, 0.7828124761581421], [0.8359375, 0.8734375238418579, 0.809374988079071, 0.762499988079071], [0.848437488079071, 0.879687488079071, 0.817187488079071, 0.8046875], [0.846875011920929, 0.871874988079071, 0.8296874761581421, 0.823437511920929], [0.848437488079071, 0.8765624761581421, 0.840624988079071, 0.796875], [0.848437488079071, 0.901562511920929, 0.839062511920929, 0.8109375238418579], [0.871874988079071, 0.875, 0.839062511920929, 0.823437511920929]], "dev_per_class_accuracies": [[0.815625011920929, 0.792187511920929, 0.809374988079071, 0.8218749761581421], [0.8578125238418579, 0.8828125, 0.8218749761581421, 0.768750011920929], [0.856249988079071, 0.8968750238418579, 0.823437511920929, 0.8218749761581421], [0.839062511920929, 0.903124988079071, 0.8359375, 0.828125], [0.8453124761581421, 0.90625, 0.832812488079071, 0.823437511920929], [0.8203125, 0.885937511920929, 0.828125, 0.848437488079071], [0.8359375, 0.903124988079071, 0.8343750238418579, 0.8500000238418579], [0.840624988079071, 0.9046875238418579, 0.8296874761581421, 0.8578125238418579]], "train_average_accuracies": [0.7671874761581421, 0.8109375238418579, 0.8203125, 0.8374999761581421, 0.842968761920929, 0.840624988079071, 0.8500000238418579, 0.852343738079071], "dev_average_accuracies": [0.8097655773162842, 0.832812488079071, 0.849609375, 0.8515625, 0.8519530892372131, 0.845703125, 0.8558593988418579, 0.8582030534744263], "best_epoch": 7, "best_acc": 0.8582030534744263}