{"train_losses": [2.748126673698425, 1.7461575150489808, 1.598335576057434, 1.463146096467972, 1.4125274479389192, 1.4404761850833894], "dev_losses": [1.8997267335653305, 1.5079672992229463, 1.657073962688446, 1.4609019577503204, 1.4344284236431122, 1.4202420324087144], "train_per_class_accuracies": [[0.8046875, 0.778124988079071, 0.75, 0.6156250238418579], [0.8343750238418579, 0.8374999761581421, 0.792187511920929, 0.7671874761581421], [0.832812488079071, 0.859375, 0.8187500238418579, 0.770312488079071], [0.8343750238418579, 0.878125011920929, 0.832812488079071, 0.7875000238418579], [0.8500000238418579, 0.8734375238418579, 0.8296874761581421, 0.793749988079071], [0.8500000238418579, 0.878125011920929, 0.8421875238418579, 0.7875000238418579]], "dev_per_class_accuracies": [[0.848437488079071, 0.8125, 0.807812511920929, 0.668749988079071], [0.8421875238418579, 0.879687488079071, 0.817187488079071, 0.828125], [0.7953125238418579, 0.8890625238418579, 0.823437511920929, 0.84375], [0.8374999761581421, 0.8921874761581421, 0.8187500238418579, 0.817187488079071], [0.8500000238418579, 0.8921874761581421, 0.823437511920929, 0.832812488079071], [0.8453124761581421, 0.8968750238418579, 0.824999988079071, 0.84375]], "train_average_accuracies": [0.7371094226837158, 0.8078124523162842, 0.8203125596046448, 0.8332031965255737, 0.836718738079071, 0.8394531011581421], "dev_average_accuracies": [0.784375011920929, 0.841796875, 0.837890625, 0.8414062857627869, 0.849609375, 0.852734386920929], "best_epoch": 5, "best_acc": 0.852734386920929}