{"train_losses": [2.250852185487747, 1.6676855862140656, 1.5980256736278533, 1.603166151046753, 1.44931401014328, 1.456353735923767, 1.350447064638138, 1.3053538799285889], "dev_losses": [1.6871762692928314, 1.592165344953537, 1.5400216937065125, 1.6356975048780442, 1.503084087371826, 1.4415264904499054, 1.4307855874300004, 1.435607558488846], "train_per_class_accuracies": [[0.796875, 0.7953125238418579, 0.7718750238418579, 0.635937511920929], [0.8203125, 0.8578125238418579, 0.8031250238418579, 0.731249988079071], [0.828125, 0.8656250238418579, 0.823437511920929, 0.762499988079071], [0.840624988079071, 0.8734375238418579, 0.8109375238418579, 0.776562511920929], [0.84375, 0.879687488079071, 0.839062511920929, 0.807812511920929], [0.839062511920929, 0.871874988079071, 0.848437488079071, 0.7890625], [0.862500011920929, 0.8890625238418579, 0.831250011920929, 0.815625011920929], [0.871874988079071, 0.890625, 0.8374999761581421, 0.807812511920929]], "dev_per_class_accuracies": [[0.7906249761581421, 0.8828125, 0.7906249761581421, 0.807812511920929], [0.817187488079071, 0.885937511920929, 0.8343750238418579, 0.832812488079071], [0.8296874761581421, 0.890625, 0.8218749761581421, 0.839062511920929], [0.8187500238418579, 0.8812500238418579, 0.8187500238418579, 0.8296874761581421], [0.8265625238418579, 0.890625, 0.832812488079071, 0.8265625238418579], [0.846875011920929, 0.887499988079071, 0.832812488079071, 0.8343750238418579], [0.8515625, 0.890625, 0.8343750238418579, 0.8359375], [0.8500000238418579, 0.890625, 0.8296874761581421, 0.8453124761581421]], "train_average_accuracies": [0.75, 0.8031250238418579, 0.8199219107627869, 0.825390636920929, 0.842578113079071, 0.837109386920929, 0.849609375, 0.8519530892372131], "dev_average_accuracies": [0.8179687261581421, 0.842578113079071, 0.8453124761581421, 0.8371094465255737, 0.8441406488418579, 0.8503906726837158, 0.8531249761581421, 0.8539062738418579], "best_epoch": 7, "best_acc": 0.8539062738418579}