{"train_losses": [2.512709826231003, 1.7480521738529204, 1.6455845892429353, 1.3994295179843903, 1.380773001909256, 1.3861883997917175, 1.4182440042495728, 1.0657527714967727, 0.8214381098747253, 0.6168288752436638, 0.5371249884366989, 0.4220682203769684, 0.39661747217178345, 0.35003670752048494, 0.36631971448659895, 0.33918572068214414], "dev_losses": [1.6418684005737305, 1.5481642216444016, 1.509461224079132, 1.4128149449825287, 1.4383838295936584, 1.4057811766862869, 1.5487044304609299, 1.435848316550255, 1.3717445641756059, 1.434041854739189, 1.3954672247171402, 1.3757127553224564, 1.371755799651146, 1.3547565072774888, 1.3568253219127655, 1.3621476531028747], "train_per_class_accuracies": [[0.7875000238418579, 0.8140624761581421, 0.737500011920929, 0.6640625], [0.8203125, 0.8374999761581421, 0.792187511920929, 0.776562511920929], [0.8218749761581421, 0.859375, 0.823437511920929, 0.753125011920929], [0.8500000238418579, 0.870312511920929, 0.8343750238418579, 0.8109375238418579], [0.8531249761581421, 0.8843749761581421, 0.8218749761581421, 0.8218749761581421], [0.8515625, 0.8828125, 0.839062511920929, 0.792187511920929], [0.840624988079071, 0.8687499761581421, 0.840624988079071, 0.7953125238418579], [0.885937511920929, 0.910937488079071, 0.8843749761581421, 0.8734375238418579], [0.90625, 0.9468749761581421, 0.90625, 0.890625], [0.9281250238418579, 0.9453125, 0.956250011920929, 0.9234374761581421], [0.9390624761581421, 0.953125, 0.953125, 0.934374988079071], [0.956250011920929, 0.973437488079071, 0.964062511920929, 0.956250011920929], [0.964062511920929, 0.9765625, 0.9593750238418579, 0.971875011920929], [0.9671875238418579, 0.9781249761581421, 0.9750000238418579, 0.9703124761581421], [0.965624988079071, 0.9765625, 0.971875011920929, 0.9703124761581421], [0.965624988079071, 0.9828125238418579, 0.971875011920929, 0.965624988079071]], "dev_per_class_accuracies": [[0.8343750238418579, 0.8203125, 0.7875000238418579, 0.801562488079071], [0.848437488079071, 0.859375, 0.793749988079071, 0.8296874761581421], [0.8109375238418579, 0.8968750238418579, 0.831250011920929, 0.8187500238418579], [0.848437488079071, 0.895312488079071, 0.824999988079071, 0.8453124761581421], [0.848437488079071, 0.901562511920929, 0.831250011920929, 0.815625011920929], [0.8343750238418579, 0.8984375, 0.8296874761581421, 0.8453124761581421], [0.859375, 0.8921874761581421, 0.8374999761581421, 0.8046875], [0.8531249761581421, 0.895312488079071, 0.8359375, 0.8453124761581421], [0.859375, 0.8999999761581421, 0.8296874761581421, 0.8531249761581421], [0.854687511920929, 0.9046875238418579, 0.831250011920929, 0.8734375238418579], [0.8609374761581421, 0.8999999761581421, 0.846875011920929, 0.8609374761581421], [0.8578125238418579, 0.9125000238418579, 0.846875011920929, 0.8671875], [0.862500011920929, 0.917187511920929, 0.840624988079071, 0.871874988079071], [0.8578125238418579, 0.909375011920929, 0.846875011920929, 0.878125011920929], [0.864062488079071, 0.910937488079071, 0.846875011920929, 0.871874988079071], [0.8656250238418579, 0.910937488079071, 0.840624988079071, 0.870312511920929]], "train_average_accuracies": [0.750781238079071, 0.806640625, 0.814453125, 0.8414062261581421, 0.8453124761581421, 0.8414062261581421, 0.8363281488418579, 0.888671875, 0.9125000238418579, 0.9382812976837158, 0.9449219107627869, 0.9624999761581421, 0.967968761920929, 0.97265625, 0.9710937738418579, 0.971484363079071], "dev_average_accuracies": [0.8109375238418579, 0.8328125476837158, 0.8394531011581421, 0.853515625, 0.8492187261581421, 0.8519531488418579, 0.848437488079071, 0.857421875, 0.8605468273162842, 0.8660156726837158, 0.8671875, 0.87109375, 0.873046875, 0.873046875, 0.8734375238418579, 0.871874988079071], "best_epoch": 14, "best_acc": 0.8734375238418579}