{"train_losses": [2.474960136413574, 1.7937079966068268, 1.6057116746902467, 1.4031774342060088, 1.3678213715553285, 1.3833625137805938, 1.3818896889686585, 1.2008395493030548, 1.0471819251775742, 0.9505723387002945, 0.8649110049009323, 0.7859572231769562, 0.7583549886941909, 0.7098162353038788, 0.7268290519714355, 0.6803484305739402], "dev_losses": [1.7176959246397019, 1.4577545911073684, 1.4069367885589599, 1.3911750108003615, 1.394615039229393, 1.381076991558075, 1.3631189823150636, 1.3503845244646073, 1.3392913907766342, 1.3695523291826248, 1.3645029336214065, 1.350027683377266, 1.3361674815416336, 1.3367352485656738, 1.3341798037290573, 1.336668112874031], "train_per_class_accuracies": [[0.800000011920929, 0.7796875238418579, 0.745312511920929, 0.6937500238418579], [0.840624988079071, 0.8203125, 0.801562488079071, 0.7421875], [0.8500000238418579, 0.8500000238418579, 0.809374988079071, 0.778124988079071], [0.8609374761581421, 0.8687499761581421, 0.840624988079071, 0.8031250238418579], [0.864062488079071, 0.856249988079071, 0.8296874761581421, 0.8265625238418579], [0.856249988079071, 0.879687488079071, 0.832812488079071, 0.824999988079071], [0.856249988079071, 0.870312511920929, 0.848437488079071, 0.8218749761581421], [0.871874988079071, 0.8984375, 0.8531249761581421, 0.8343750238418579], [0.8843749761581421, 0.909375011920929, 0.864062488079071, 0.8531249761581421], [0.8999999761581421, 0.9359375238418579, 0.8984375, 0.8765624761581421], [0.9203125238418579, 0.9296875, 0.903124988079071, 0.885937511920929], [0.9312499761581421, 0.9390624761581421, 0.910937488079071, 0.8828125], [0.901562511920929, 0.9375, 0.9078124761581421, 0.9078124761581421], [0.9234374761581421, 0.942187488079071, 0.942187488079071, 0.901562511920929], [0.934374988079071, 0.9437500238418579, 0.918749988079071, 0.8999999761581421], [0.9281250238418579, 0.9375, 0.9234374761581421, 0.9156249761581421]], "dev_per_class_accuracies": [[0.815625011920929, 0.8656250238418579, 0.7828124761581421, 0.7437499761581421], [0.848437488079071, 0.875, 0.8203125, 0.8203125], [0.856249988079071, 0.893750011920929, 0.8218749761581421, 0.8218749761581421], [0.848437488079071, 0.895312488079071, 0.824999988079071, 0.828125], [0.856249988079071, 0.895312488079071, 0.828125, 0.8374999761581421], [0.856249988079071, 0.8968750238418579, 0.8265625238418579, 0.8453124761581421], [0.8531249761581421, 0.8999999761581421, 0.831250011920929, 0.864062488079071], [0.854687511920929, 0.910937488079071, 0.8265625238418579, 0.846875011920929], [0.856249988079071, 0.8984375, 0.8374999761581421, 0.859375], [0.8500000238418579, 0.8999999761581421, 0.824999988079071, 0.8515625], [0.8609374761581421, 0.9078124761581421, 0.8343750238418579, 0.864062488079071], [0.8609374761581421, 0.909375011920929, 0.8359375, 0.8671875], [0.859375, 0.9125000238418579, 0.839062511920929, 0.8609374761581421], [0.8609374761581421, 0.910937488079071, 0.832812488079071, 0.862500011920929], [0.8578125238418579, 0.9125000238418579, 0.8359375, 0.8656250238418579], [0.8578125238418579, 0.909375011920929, 0.832812488079071, 0.864062488079071]], "train_average_accuracies": [0.7546875476837158, 0.8011718988418579, 0.8218750357627869, 0.8433593511581421, 0.8441406488418579, 0.848437488079071, 0.8492187261581421, 0.8644530773162842, 0.8777344226837158, 0.9027343988418579, 0.9097656011581421, 0.916015625, 0.9136718511581421, 0.9273437261581421, 0.9242187738418579, 0.9261718988418579], "dev_average_accuracies": [0.8019531965255737, 0.841015636920929, 0.8484375476837158, 0.8492187261581421, 0.8542969226837158, 0.8562500476837158, 0.862109363079071, 0.8597655892372131, 0.8628906011581421, 0.856640636920929, 0.8667969107627869, 0.868359386920929, 0.8679687976837158, 0.8667968511581421, 0.8679687976837158, 0.8660156726837158], "best_epoch": 11, "best_acc": 0.868359386920929}