{"train_losses": [2.258910834789276, 1.968792486190796, 1.7923920512199403, 1.7371947526931764, 1.667764127254486, 1.6582081139087677, 1.6200527131557465, 1.1992295533418655, 0.9903865605592728, 0.7735815197229385, 0.6263012707233429, 0.49881499707698823, 0.4231522098183632, 0.33255709931254385, 0.3438572704792023, 0.28853659704327583, 0.30666806176304817, 0.3103738412261009, 0.2669237472116947, 0.26291055604815483], "dev_losses": [2.00567165017128, 1.7672875463962554, 1.672650945186615, 1.5680719077587129, 1.552724051475525, 1.54945769906044, 1.4176790416240692, 1.345806857943535, 1.3531930148601532, 1.3060014963150024, 1.3317026764154434, 1.3655503749847413, 1.4389306396245956, 1.3809163838624954, 1.3602055430412292, 1.3689233124256135, 1.3665133833885192, 1.3559105783700942, 1.356811672449112, 1.3596352547407151], "train_per_class_accuracies": [[0.7671874761581421, 0.7875000238418579, 0.7749999761581421, 0.635937511920929], [0.7953125238418579, 0.7890625, 0.7734375, 0.6781250238418579], [0.801562488079071, 0.8031250238418579, 0.7828124761581421, 0.71875], [0.8062499761581421, 0.817187488079071, 0.7796875238418579, 0.7515624761581421], [0.8046875, 0.8187500238418579, 0.7875000238418579, 0.7749999761581421], [0.8046875, 0.832812488079071, 0.7875000238418579, 0.754687488079071], [0.815625011920929, 0.854687511920929, 0.807812511920929, 0.792187511920929], [0.8609374761581421, 0.8890625238418579, 0.8578125238418579, 0.840624988079071], [0.879687488079071, 0.917187511920929, 0.8984375, 0.8687499761581421], [0.8968750238418579, 0.9375, 0.921875, 0.9125000238418579], [0.9359375238418579, 0.949999988079071, 0.940625011920929, 0.9296875], [0.9515625238418579, 0.9781249761581421, 0.9515625238418579, 0.948437511920929], [0.9671875238418579, 0.9593750238418579, 0.965624988079071, 0.956250011920929], [0.964062511920929, 0.9921875, 0.9828125238418579, 0.9671875238418579], [0.9750000238418579, 0.981249988079071, 0.9703124761581421, 0.9609375], [0.9781249761581421, 0.9906250238418579, 0.971875011920929, 0.9828125238418579], [0.9765625, 0.981249988079071, 0.9781249761581421, 0.981249988079071], [0.9703124761581421, 0.9937499761581421, 0.979687511920929, 0.9703124761581421], [0.9828125238418579, 0.987500011920929, 0.979687511920929, 0.9750000238418579], [0.979687511920929, 0.984375, 0.984375, 0.9765625]], "dev_per_class_accuracies": [[0.785937488079071, 0.7890625, 0.7718750238418579, 0.671875], [0.785937488079071, 0.7984374761581421, 0.7828124761581421, 0.760937511920929], [0.800000011920929, 0.8609374761581421, 0.778124988079071, 0.7484375238418579], [0.801562488079071, 0.871874988079071, 0.7875000238418579, 0.809374988079071], [0.8031250238418579, 0.8500000238418579, 0.792187511920929, 0.809374988079071], [0.8046875, 0.862500011920929, 0.7906249761581421, 0.785937488079071], [0.8203125, 0.8890625238418579, 0.8296874761581421, 0.8500000238418579], [0.854687511920929, 0.871874988079071, 0.8453124761581421, 0.870312511920929], [0.8531249761581421, 0.8999999761581421, 0.831250011920929, 0.859375], [0.8578125238418579, 0.903124988079071, 0.8265625238418579, 0.864062488079071], [0.8515625, 0.903124988079071, 0.839062511920929, 0.862500011920929], [0.8531249761581421, 0.8890625238418579, 0.8421875238418579, 0.859375], [0.859375, 0.8921874761581421, 0.823437511920929, 0.8453124761581421], [0.856249988079071, 0.893750011920929, 0.832812488079071, 0.848437488079071], [0.8531249761581421, 0.895312488079071, 0.840624988079071, 0.856249988079071], [0.854687511920929, 0.8984375, 0.839062511920929, 0.8500000238418579], [0.8515625, 0.8968750238418579, 0.839062511920929, 0.8515625], [0.8578125238418579, 0.8921874761581421, 0.840624988079071, 0.854687511920929], [0.8609374761581421, 0.8999999761581421, 0.8421875238418579, 0.8578125238418579], [0.8578125238418579, 0.8921874761581421, 0.84375, 0.864062488079071]], "train_average_accuracies": [0.741406261920929, 0.7589843273162842, 0.7765624523162842, 0.7886718511581421, 0.7964843511581421, 0.7949219346046448, 0.817578136920929, 0.862109363079071, 0.8910156488418579, 0.9171874523162842, 0.9390624761581421, 0.9574218392372131, 0.962109386920929, 0.9765625, 0.9718749523162842, 0.9808593988418579, 0.979296863079071, 0.978515625, 0.9812500476837158, 0.981249988079071], "dev_average_accuracies": [0.7546875476837158, 0.782031238079071, 0.796875, 0.817578136920929, 0.813671886920929, 0.8109374642372131, 0.8472656011581421, 0.860546886920929, 0.8609374761581421, 0.8628906607627869, 0.864062488079071, 0.8609374761581421, 0.8550781011581421, 0.8578125238418579, 0.861328125, 0.8605468273162842, 0.8597656488418579, 0.861328125, 0.865234375, 0.864453136920929], "best_epoch": 18, "best_acc": 0.865234375}