{"train_losses": [2.4878038227558137, 1.7582930147647857, 1.597609096765518, 1.5013501286506652, 1.4254666805267333, 1.387909758090973, 1.4487367570400238, 1.108865785598755, 0.8280754804611206, 0.67616066634655, 0.5653859049081802, 0.4303452730178833, 0.41394609957933426, 0.3953342691063881, 0.39030872136354444, 0.3979687325656414], "dev_losses": [1.6501110196113586, 1.4691630095243453, 1.6078964591026306, 1.3990421265363693, 1.3805852353572845, 1.3856510251760483, 1.412455180287361, 1.3356372952461242, 1.3513958007097244, 1.4521979510784149, 1.5139584183692931, 1.388040965795517, 1.3738355219364167, 1.3627557307481766, 1.365965151786804, 1.3677092283964156], "train_per_class_accuracies": [[0.7890625, 0.7953125238418579, 0.770312488079071, 0.6734374761581421], [0.8421875238418579, 0.8359375, 0.824999988079071, 0.7281249761581421], [0.8374999761581421, 0.848437488079071, 0.831250011920929, 0.7562500238418579], [0.8359375, 0.8531249761581421, 0.8343750238418579, 0.8046875], [0.8515625, 0.871874988079071, 0.8421875238418579, 0.792187511920929], [0.864062488079071, 0.885937511920929, 0.8374999761581421, 0.796875], [0.8453124761581421, 0.8687499761581421, 0.832812488079071, 0.800000011920929], [0.871874988079071, 0.910937488079071, 0.875, 0.84375], [0.9156249761581421, 0.9312499761581421, 0.90625, 0.8984375], [0.934374988079071, 0.949999988079071, 0.9203125238418579, 0.9156249761581421], [0.932812511920929, 0.956250011920929, 0.9453125, 0.934374988079071], [0.9546874761581421, 0.9671875238418579, 0.9765625, 0.965624988079071], [0.973437488079071, 0.9671875238418579, 0.9750000238418579, 0.9437500238418579], [0.96875, 0.9703124761581421, 0.964062511920929, 0.965624988079071], [0.9671875238418579, 0.9750000238418579, 0.973437488079071, 0.9671875238418579], [0.9624999761581421, 0.9781249761581421, 0.971875011920929, 0.9468749761581421]], "dev_per_class_accuracies": [[0.817187488079071, 0.831250011920929, 0.8109375238418579, 0.8031250238418579], [0.856249988079071, 0.895312488079071, 0.8296874761581421, 0.8421875238418579], [0.8125, 0.8999999761581421, 0.824999988079071, 0.823437511920929], [0.8578125238418579, 0.8890625238418579, 0.8296874761581421, 0.831250011920929], [0.8531249761581421, 0.903124988079071, 0.8343750238418579, 0.828125], [0.856249988079071, 0.893750011920929, 0.8296874761581421, 0.8343750238418579], [0.859375, 0.895312488079071, 0.84375, 0.846875011920929], [0.862500011920929, 0.895312488079071, 0.832812488079071, 0.864062488079071], [0.864062488079071, 0.887499988079071, 0.8343750238418579, 0.840624988079071], [0.854687511920929, 0.903124988079071, 0.8296874761581421, 0.8374999761581421], [0.8500000238418579, 0.8984375, 0.8218749761581421, 0.859375], [0.8609374761581421, 0.9046875238418579, 0.824999988079071, 0.862500011920929], [0.859375, 0.90625, 0.831250011920929, 0.8578125238418579], [0.8578125238418579, 0.903124988079071, 0.8296874761581421, 0.8687499761581421], [0.859375, 0.909375011920929, 0.8296874761581421, 0.862500011920929], [0.8578125238418579, 0.9078124761581421, 0.828125, 0.870312511920929]], "train_average_accuracies": [0.7570312023162842, 0.8078124523162842, 0.818359375, 0.83203125, 0.8394531607627869, 0.8460937738418579, 0.836718738079071, 0.8753906488418579, 0.912890613079071, 0.9300781488418579, 0.942187488079071, 0.966015636920929, 0.96484375, 0.9671875238418579, 0.970703125, 0.96484375], "dev_average_accuracies": [0.8156249523162842, 0.8558593988418579, 0.8402343392372131, 0.8519530892372131, 0.8546874523162842, 0.853515625, 0.861328125, 0.8636718988418579, 0.856640636920929, 0.8562500476837158, 0.857421875, 0.86328125, 0.8636718988418579, 0.8648437261581421, 0.8652343153953552, 0.866015613079071], "best_epoch": 15, "best_acc": 0.866015613079071}