{"train_losses": [2.615108531713486, 1.7938919365406036, 1.611152333021164, 1.4225073337554932, 1.3766086220741272, 1.3557239055633545, 1.377751064300537, 1.2911746323108673, 1.1992014050483704, 1.1612580209970473, 1.1183277904987334, 0.9897514164447785, 0.950146809220314, 0.9392891138792038, 0.9604455381631851, 0.8915800720453262], "dev_losses": [1.8382005751132966, 1.5455609261989594, 1.3881633639335633, 1.3842074930667878, 1.3775943338871002, 1.3646985381841659, 1.344125923514366, 1.336781734228134, 1.3282505810260772, 1.3438244134187698, 1.3178184062242508, 1.3201743006706237, 1.316736140847206, 1.3182339638471603, 1.3156673640012742, 1.311928004026413], "train_per_class_accuracies": [[0.778124988079071, 0.7484375238418579, 0.78125, 0.684374988079071], [0.8203125, 0.846875011920929, 0.824999988079071, 0.765625], [0.840624988079071, 0.8578125238418579, 0.832812488079071, 0.778124988079071], [0.8531249761581421, 0.878125011920929, 0.8374999761581421, 0.809374988079071], [0.8500000238418579, 0.8765624761581421, 0.8421875238418579, 0.8187500238418579], [0.859375, 0.864062488079071, 0.8374999761581421, 0.8265625238418579], [0.864062488079071, 0.885937511920929, 0.8500000238418579, 0.8031250238418579], [0.859375, 0.8828125, 0.840624988079071, 0.84375], [0.8656250238418579, 0.885937511920929, 0.875, 0.8296874761581421], [0.8609374761581421, 0.901562511920929, 0.8890625238418579, 0.8343750238418579], [0.8843749761581421, 0.9156249761581421, 0.862500011920929, 0.8531249761581421], [0.8890625238418579, 0.9078124761581421, 0.878125011920929, 0.8687499761581421], [0.893750011920929, 0.9046875238418579, 0.9140625, 0.885937511920929], [0.895312488079071, 0.921875, 0.8968750238418579, 0.8765624761581421], [0.8890625238418579, 0.9078124761581421, 0.8999999761581421, 0.870312511920929], [0.893750011920929, 0.9125000238418579, 0.8968750238418579, 0.885937511920929]], "dev_per_class_accuracies": [[0.815625011920929, 0.8265625238418579, 0.832812488079071, 0.815625011920929], [0.8421875238418579, 0.8218749761581421, 0.8421875238418579, 0.8343750238418579], [0.8500000238418579, 0.895312488079071, 0.824999988079071, 0.8359375], [0.8500000238418579, 0.8968750238418579, 0.8296874761581421, 0.839062511920929], [0.8500000238418579, 0.895312488079071, 0.8374999761581421, 0.8343750238418579], [0.854687511920929, 0.895312488079071, 0.8359375, 0.846875011920929], [0.864062488079071, 0.901562511920929, 0.8296874761581421, 0.854687511920929], [0.8609374761581421, 0.8984375, 0.8374999761581421, 0.8656250238418579], [0.8578125238418579, 0.910937488079071, 0.8421875238418579, 0.8421875238418579], [0.8609374761581421, 0.8968750238418579, 0.8296874761581421, 0.8515625], [0.8578125238418579, 0.9078124761581421, 0.846875011920929, 0.864062488079071], [0.862500011920929, 0.903124988079071, 0.8500000238418579, 0.854687511920929], [0.859375, 0.9046875238418579, 0.8453124761581421, 0.8531249761581421], [0.859375, 0.90625, 0.846875011920929, 0.8500000238418579], [0.8578125238418579, 0.903124988079071, 0.8453124761581421, 0.8578125238418579], [0.8578125238418579, 0.903124988079071, 0.840624988079071, 0.862500011920929]], "train_average_accuracies": [0.748046875, 0.814453125, 0.827343761920929, 0.844531238079071, 0.8468749523162842, 0.8468749523162842, 0.8507812023162842, 0.856640636920929, 0.8640625476837158, 0.8714843988418579, 0.87890625, 0.8859374523162842, 0.899609386920929, 0.8976563215255737, 0.891796886920929, 0.897265613079071], "dev_average_accuracies": [0.8226562738418579, 0.8351562023162842, 0.8515625, 0.8539062142372131, 0.8542968034744263, 0.858203113079071, 0.862500011920929, 0.8656250238418579, 0.86328125, 0.8597656488418579, 0.869140625, 0.8675780892372131, 0.8656250238418579, 0.8656250238418579, 0.8660155534744263, 0.866015613079071], "best_epoch": 10, "best_acc": 0.869140625}