{"train_losses": [2.265783059597015, 2.0307925641536713, 1.904303240776062, 1.8892767608165741, 1.6908132612705231, 1.3105567932128905, 1.041455289721489, 0.8275423437356949, 0.6804219961166382, 0.5373538762331009, 0.5348432779312133, 0.547545212507248, 0.5208660453557968, 0.5307823449373246], "dev_losses": [2.063387542963028, 1.8658553689718247, 1.8316460430622101, 1.8163406074047088, 1.4617006599903106, 1.3407362222671508, 1.3145884215831756, 1.3519589453935623, 1.3295042037963867, 1.3149442106485367, 1.317415800690651, 1.3106079816818237, 1.309619978070259, 1.3073074996471405], "train_per_class_accuracies": [[0.796875, 0.7875000238418579, 0.765625, 0.6390625238418579], [0.796875, 0.7875000238418579, 0.7734375, 0.671875], [0.800000011920929, 0.7890625, 0.7734375, 0.65625], [0.796875, 0.7875000238418579, 0.7734375, 0.6937500238418579], [0.8140624761581421, 0.839062511920929, 0.785937488079071, 0.770312488079071], [0.846875011920929, 0.8968750238418579, 0.840624988079071, 0.8203125], [0.879687488079071, 0.9078124761581421, 0.879687488079071, 0.8687499761581421], [0.9125000238418579, 0.926562488079071, 0.895312488079071, 0.8984375], [0.926562488079071, 0.9468749761581421, 0.9296875, 0.910937488079071], [0.948437511920929, 0.965624988079071, 0.9609375, 0.940625011920929], [0.9375, 0.96875, 0.956250011920929, 0.9437500238418579], [0.9468749761581421, 0.956250011920929, 0.965624988079071, 0.934374988079071], [0.949999988079071, 0.965624988079071, 0.9671875238418579, 0.9468749761581421], [0.9515625238418579, 0.956250011920929, 0.9609375, 0.949999988079071]], "dev_per_class_accuracies": [[0.785937488079071, 0.7875000238418579, 0.776562511920929, 0.6468750238418579], [0.7953125238418579, 0.792187511920929, 0.776562511920929, 0.6499999761581421], [0.792187511920929, 0.792187511920929, 0.776562511920929, 0.676562488079071], [0.793749988079071, 0.792187511920929, 0.776562511920929, 0.692187488079071], [0.840624988079071, 0.8921874761581421, 0.817187488079071, 0.848437488079071], [0.846875011920929, 0.903124988079071, 0.8374999761581421, 0.8609374761581421], [0.856249988079071, 0.890625, 0.832812488079071, 0.8500000238418579], [0.8515625, 0.8921874761581421, 0.8296874761581421, 0.870312511920929], [0.8656250238418579, 0.895312488079071, 0.828125, 0.854687511920929], [0.856249988079071, 0.895312488079071, 0.8343750238418579, 0.859375], [0.8578125238418579, 0.8921874761581421, 0.832812488079071, 0.8578125238418579], [0.862500011920929, 0.893750011920929, 0.8343750238418579, 0.8656250238418579], [0.8609374761581421, 0.895312488079071, 0.832812488079071, 0.864062488079071], [0.8656250238418579, 0.893750011920929, 0.832812488079071, 0.8656250238418579]], "train_average_accuracies": [0.7472655773162842, 0.7574218511581421, 0.754687488079071, 0.7628905773162842, 0.8023437857627869, 0.8511719107627869, 0.8839843273162842, 0.908203125, 0.928515613079071, 0.953906238079071, 0.9515625238418579, 0.9507812857627869, 0.9574218988418579, 0.9546875357627869], "dev_average_accuracies": [0.7492187023162842, 0.7535156011581421, 0.7593750357627869, 0.763671875, 0.849609375, 0.8621094226837158, 0.857421875, 0.8609374761581421, 0.8609374761581421, 0.861328125, 0.8601562976837158, 0.8640625476837158, 0.86328125, 0.8644531965255737], "best_epoch": 13, "best_acc": 0.8644531965255737}