{"train_losses": [2.748126673698425, 1.7461575150489808, 1.598335576057434, 1.463146096467972, 1.4125274479389192, 1.4404761850833894, 1.4070447146892548, 1.3533497750759125, 1.329264122247696, 1.2710423231124879, 1.2291841953992844, 1.206320869922638, 1.1640404134988784, 1.2065600991249084, 1.176975631713867, 1.1765790045261384], "dev_losses": [1.8997267335653305, 1.5079672992229463, 1.657073962688446, 1.4609019577503204, 1.4344284236431122, 1.4202420324087144, 1.3889714986085893, 1.3761175662279128, 1.3749810487031937, 1.3522112041711807, 1.383448287844658, 1.3594196915626526, 1.3595888495445252, 1.360207548737526, 1.3592646598815918, 1.3638370782136917], "train_per_class_accuracies": [[0.8046875, 0.778124988079071, 0.75, 0.6156250238418579], [0.8343750238418579, 0.8374999761581421, 0.792187511920929, 0.7671874761581421], [0.832812488079071, 0.859375, 0.8187500238418579, 0.770312488079071], [0.8343750238418579, 0.878125011920929, 0.832812488079071, 0.7875000238418579], [0.8500000238418579, 0.8734375238418579, 0.8296874761581421, 0.793749988079071], [0.8500000238418579, 0.878125011920929, 0.8421875238418579, 0.7875000238418579], [0.8609374761581421, 0.878125011920929, 0.832812488079071, 0.823437511920929], [0.859375, 0.8734375238418579, 0.831250011920929, 0.8031250238418579], [0.8531249761581421, 0.879687488079071, 0.8515625, 0.8062499761581421], [0.8765624761581421, 0.893750011920929, 0.8374999761581421, 0.8374999761581421], [0.8687499761581421, 0.8812500238418579, 0.856249988079071, 0.8421875238418579], [0.862500011920929, 0.893750011920929, 0.864062488079071, 0.828125], [0.8890625238418579, 0.8968750238418579, 0.8828125, 0.8359375], [0.875, 0.9046875238418579, 0.848437488079071, 0.8265625238418579], [0.871874988079071, 0.903124988079071, 0.8453124761581421, 0.8421875238418579], [0.8734375238418579, 0.8843749761581421, 0.8609374761581421, 0.8421875238418579]], "dev_per_class_accuracies": [[0.848437488079071, 0.8125, 0.807812511920929, 0.668749988079071], [0.8421875238418579, 0.879687488079071, 0.817187488079071, 0.828125], [0.7953125238418579, 0.8890625238418579, 0.823437511920929, 0.84375], [0.8374999761581421, 0.8921874761581421, 0.8187500238418579, 0.817187488079071], [0.8500000238418579, 0.8921874761581421, 0.823437511920929, 0.832812488079071], [0.8453124761581421, 0.8968750238418579, 0.824999988079071, 0.84375], [0.8531249761581421, 0.8999999761581421, 0.8265625238418579, 0.832812488079071], [0.862500011920929, 0.8968750238418579, 0.824999988079071, 0.8421875238418579], [0.8578125238418579, 0.893750011920929, 0.8343750238418579, 0.859375], [0.8578125238418579, 0.901562511920929, 0.8296874761581421, 0.8609374761581421], [0.8515625, 0.901562511920929, 0.8265625238418579, 0.84375], [0.8609374761581421, 0.901562511920929, 0.8296874761581421, 0.840624988079071], [0.856249988079071, 0.8999999761581421, 0.8218749761581421, 0.846875011920929], [0.854687511920929, 0.9046875238418579, 0.828125, 0.840624988079071], [0.8531249761581421, 0.901562511920929, 0.832812488079071, 0.84375], [0.8515625, 0.901562511920929, 0.8343750238418579, 0.846875011920929]], "train_average_accuracies": [0.784375011920929, 0.841796875, 0.837890625, 0.8414062857627869, 0.849609375, 0.852734386920929, 0.848828136920929, 0.841796875, 0.84765625, 0.861328125, 0.8621094226837158, 0.862109363079071, 0.876171886920929, 0.8636718988418579, 0.8656250238418579, 0.865234375], "dev_average_accuracies": [0.7371094226837158, 0.8078124523162842, 0.8203125596046448, 0.8332031965255737, 0.836718738079071, 0.8394531011581421, 0.8531250357627869, 0.8566406965255737, 0.861328125, 0.8625000715255737, 0.8558593988418579, 0.858203113079071, 0.856249988079071, 0.8570312857627869, 0.8578125238418579, 0.858593761920929], "best_epoch": 9, "best_acc": 0.8625000715255737}