{"train_losses": [2.697050905227661, 1.7761970937252045, 1.5980927884578704, 1.4384213417768479, 1.4285164415836333, 1.3992811918258667, 1.4235674798488618, 1.102615863084793, 0.811672693490982, 0.6443139314651489, 0.5307869076728821, 0.4202310353517532, 0.3785254493355751, 0.3694226831197739, 0.3431606411933899, 0.4323496550321579], "dev_losses": [2.002231940627098, 1.5592564642429352, 1.4763413071632385, 1.4416189730167388, 1.4085895359516143, 1.3958611220121384, 1.49370676279068, 1.3936089307069779, 1.4141217917203903, 1.4084379523992538, 1.447228729724884, 1.4266240030527115, 1.4179786533117293, 1.4049623668193818, 1.4047341525554657, 1.3989480495452882], "train_per_class_accuracies": [[0.793749988079071, 0.7953125238418579, 0.760937511920929, 0.625], [0.8218749761581421, 0.839062511920929, 0.807812511920929, 0.7437499761581421], [0.8421875238418579, 0.862500011920929, 0.831250011920929, 0.770312488079071], [0.856249988079071, 0.862500011920929, 0.8359375, 0.8109375238418579], [0.864062488079071, 0.879687488079071, 0.8296874761581421, 0.793749988079071], [0.84375, 0.8765624761581421, 0.8531249761581421, 0.785937488079071], [0.84375, 0.8765624761581421, 0.8374999761581421, 0.815625011920929], [0.875, 0.9203125238418579, 0.885937511920929, 0.8296874761581421], [0.909375011920929, 0.942187488079071, 0.9156249761581421, 0.879687488079071], [0.9390624761581421, 0.949999988079071, 0.9296875, 0.925000011920929], [0.940625011920929, 0.9609375, 0.953125, 0.9375], [0.964062511920929, 0.965624988079071, 0.9624999761581421, 0.956250011920929], [0.971875011920929, 0.9781249761581421, 0.971875011920929, 0.956250011920929], [0.973437488079071, 0.9765625, 0.9703124761581421, 0.9671875238418579], [0.971875011920929, 0.9828125238418579, 0.9781249761581421, 0.9671875238418579], [0.9703124761581421, 0.9624999761581421, 0.957812488079071, 0.9515625238418579]], "dev_per_class_accuracies": [[0.8125, 0.8500000238418579, 0.78125, 0.6578124761581421], [0.839062511920929, 0.893750011920929, 0.801562488079071, 0.800000011920929], [0.8515625, 0.84375, 0.8343750238418579, 0.8125], [0.8453124761581421, 0.890625, 0.8203125, 0.823437511920929], [0.848437488079071, 0.8921874761581421, 0.828125, 0.824999988079071], [0.8500000238418579, 0.903124988079071, 0.832812488079071, 0.831250011920929], [0.831250011920929, 0.901562511920929, 0.8265625238418579, 0.840624988079071], [0.8531249761581421, 0.9046875238418579, 0.84375, 0.8671875], [0.848437488079071, 0.8984375, 0.823437511920929, 0.8671875], [0.854687511920929, 0.903124988079071, 0.839062511920929, 0.856249988079071], [0.856249988079071, 0.901562511920929, 0.8265625238418579, 0.864062488079071], [0.8531249761581421, 0.8999999761581421, 0.8343750238418579, 0.859375], [0.859375, 0.90625, 0.8374999761581421, 0.862500011920929], [0.8531249761581421, 0.90625, 0.840624988079071, 0.8656250238418579], [0.856249988079071, 0.90625, 0.8374999761581421, 0.8687499761581421], [0.856249988079071, 0.90625, 0.839062511920929, 0.8656250238418579]], "train_average_accuracies": [0.7437499761581421, 0.8031250238418579, 0.8265625238418579, 0.8414062261581421, 0.841796875, 0.83984375, 0.8433593511581421, 0.8777344226837158, 0.9117187857627869, 0.9359374642372131, 0.948046863079071, 0.962109386920929, 0.969531238079071, 0.9718749523162842, 0.9750000238418579, 0.9605468511581421], "dev_average_accuracies": [0.775390625, 0.8335937261581421, 0.8355468511581421, 0.844921886920929, 0.848437488079071, 0.854296863079071, 0.8500000238418579, 0.8671875, 0.859375, 0.86328125, 0.862109363079071, 0.8617187738418579, 0.866406261920929, 0.8664062023162842, 0.8671875, 0.8667968511581421], "best_epoch": 7, "best_acc": 0.8671875}