{"train_losses": [2.545673793554306, 1.7370940566062927, 1.6857492268085479, 1.5367306530475617, 1.36849505007267, 1.3604721069335937, 1.340835738182068, 1.3926899313926697, 1.3301852583885192, 1.355640459060669, 1.3291801750659942, 1.3459407687187195, 1.4730216443538666, 1.0350398480892182, 0.7468224674463272, 0.6304093182086945, 0.5207987934350967, 0.36949732303619387, 0.3359032206237316, 0.3009427458047867, 0.3027135215699673, 0.26656045243144033, 0.2507915534079075, 0.20854144394397736, 0.23223338276147842, 0.2318934604525566], "dev_losses": [1.7446973413228988, 1.5432471752166748, 1.4502727746963502, 1.4511031985282898, 1.398627406358719, 1.3616633027791978, 1.3684749871492385, 1.3834406733512878, 1.3657514959573747, 1.3683854907751083, 1.366205069422722, 1.3630893498659133, 1.4707530468702317, 1.3827001959085465, 1.3792764008045197, 1.397467267513275, 1.4138901740312577, 1.4721206039190293, 1.4723880350589753, 1.4599774479866028, 1.4403861343860627, 1.451327070593834, 1.4426674127578736, 1.4512970119714736, 1.4410062044858933, 1.4563501834869386], "train_per_class_accuracies": [[0.796875, 0.7906249761581421, 0.745312511920929, 0.65625], [0.824999988079071, 0.848437488079071, 0.807812511920929, 0.7406250238418579], [0.8421875238418579, 0.8515625, 0.8125, 0.7250000238418579], [0.8515625, 0.854687511920929, 0.8265625238418579, 0.778124988079071], [0.864062488079071, 0.878125011920929, 0.848437488079071, 0.7875000238418579], [0.856249988079071, 0.8843749761581421, 0.839062511920929, 0.800000011920929], [0.8656250238418579, 0.8734375238418579, 0.8500000238418579, 0.800000011920929], [0.8656250238418579, 0.864062488079071, 0.8421875238418579, 0.78125], [0.8765624761581421, 0.879687488079071, 0.8515625, 0.7984374761581421], [0.871874988079071, 0.887499988079071, 0.8359375, 0.7984374761581421], [0.878125011920929, 0.8890625238418579, 0.84375, 0.8062499761581421], [0.870312511920929, 0.870312511920929, 0.84375, 0.8109375238418579], [0.8453124761581421, 0.8812500238418579, 0.824999988079071, 0.8218749761581421], [0.90625, 0.9296875, 0.887499988079071, 0.8531249761581421], [0.9046875238418579, 0.942187488079071, 0.918749988079071, 0.901562511920929], [0.9281250238418579, 0.956250011920929, 0.9359375238418579, 0.910937488079071], [0.953125, 0.956250011920929, 0.949999988079071, 0.942187488079071], [0.971875011920929, 0.9781249761581421, 0.9765625, 0.9515625238418579], [0.9750000238418579, 0.971875011920929, 0.971875011920929, 0.965624988079071], [0.965624988079071, 0.9859374761581421, 0.9765625, 0.9765625], [0.973437488079071, 0.9765625, 0.9671875238418579, 0.971875011920929], [0.9828125238418579, 0.981249988079071, 0.979687511920929, 0.973437488079071], [0.984375, 0.9906250238418579, 0.9781249761581421, 0.971875011920929], [0.9859374761581421, 0.9937499761581421, 0.9937499761581421, 0.979687511920929], [0.9859374761581421, 0.9921875, 0.971875011920929, 0.9765625], [0.981249988079071, 0.9937499761581421, 0.984375, 0.9750000238418579]], "dev_per_class_accuracies": [[0.8031250238418579, 0.8187500238418579, 0.785937488079071, 0.815625011920929], [0.8500000238418579, 0.8984375, 0.824999988079071, 0.7984374761581421], [0.8421875238418579, 0.890625, 0.831250011920929, 0.840624988079071], [0.859375, 0.8843749761581421, 0.8343750238418579, 0.7953125238418579], [0.8656250238418579, 0.8921874761581421, 0.8296874761581421, 0.8453124761581421], [0.8578125238418579, 0.893750011920929, 0.824999988079071, 0.8359375], [0.859375, 0.890625, 0.8296874761581421, 0.839062511920929], [0.864062488079071, 0.8984375, 0.8296874761581421, 0.8343750238418579], [0.856249988079071, 0.893750011920929, 0.8265625238418579, 0.84375], [0.856249988079071, 0.895312488079071, 0.824999988079071, 0.840624988079071], [0.862500011920929, 0.8921874761581421, 0.8296874761581421, 0.840624988079071], [0.8578125238418579, 0.890625, 0.831250011920929, 0.8374999761581421], [0.8531249761581421, 0.885937511920929, 0.839062511920929, 0.831250011920929], [0.8453124761581421, 0.8921874761581421, 0.8343750238418579, 0.8656250238418579], [0.8578125238418579, 0.895312488079071, 0.84375, 0.859375], [0.8609374761581421, 0.903124988079071, 0.848437488079071, 0.871874988079071], [0.856249988079071, 0.887499988079071, 0.846875011920929, 0.854687511920929], [0.856249988079071, 0.8968750238418579, 0.8359375, 0.864062488079071], [0.856249988079071, 0.8890625238418579, 0.8343750238418579, 0.870312511920929], [0.859375, 0.885937511920929, 0.8343750238418579, 0.8734375238418579], [0.859375, 0.8890625238418579, 0.8359375, 0.875], [0.859375, 0.8890625238418579, 0.832812488079071, 0.875], [0.8578125238418579, 0.890625, 0.831250011920929, 0.8734375238418579], [0.862500011920929, 0.8921874761581421, 0.8343750238418579, 0.875], [0.8656250238418579, 0.890625, 0.8359375, 0.871874988079071], [0.8609374761581421, 0.8890625238418579, 0.831250011920929, 0.8765624761581421]], "train_average_accuracies": [0.747265636920929, 0.8054687976837158, 0.8078124523162842, 0.8277344107627869, 0.8445312976837158, 0.8449218273162842, 0.8472656607627869, 0.8382812738418579, 0.8515625, 0.8484375476837158, 0.8542969226837158, 0.8488280773162842, 0.8433593511581421, 0.8941406011581421, 0.916796863079071, 0.932812511920929, 0.950390636920929, 0.9695312976837158, 0.9710937738418579, 0.9761718511581421, 0.9722656607627869, 0.979296863079071, 0.981249988079071, 0.9882811903953552, 0.981640636920929, 0.9835937023162842], "dev_average_accuracies": [0.805859386920929, 0.8429687023162842, 0.8511719107627869, 0.8433593511581421, 0.8582031726837158, 0.8531250357627869, 0.854687511920929, 0.8566405773162842, 0.8550781011581421, 0.854296863079071, 0.856249988079071, 0.8542969226837158, 0.852343738079071, 0.859375, 0.864062488079071, 0.87109375, 0.861328125, 0.86328125, 0.862500011920929, 0.86328125, 0.8648437261581421, 0.864062488079071, 0.86328125, 0.8660156726837158, 0.866015613079071, 0.8644530773162842], "best_epoch": 15, "best_acc": 0.87109375}