{"train_losses": [2.643675798177719, 1.662669587135315, 1.6357939064502716, 1.5271764934062957, 1.4225799679756164, 1.3651976466178894, 1.4064149975776672, 1.0541875660419464, 0.9006548345088958, 0.6704046472907066, 0.5297759115695954, 0.4457991898059845, 0.4284062087535858, 0.41148538887500763, 0.3506773576140404, 0.3714460447430611], "dev_losses": [1.838982754945755, 1.6550924807786942, 1.803747695684433, 1.4179989755153657, 1.4017401903867721, 1.3690709561109542, 1.40606290102005, 1.3915201723575592, 1.3731286913156509, 1.4142392367124557, 1.5079169362783431, 1.4026599109172821, 1.3885601788759232, 1.38200501203537, 1.3820151090621948, 1.3908108323812485], "train_per_class_accuracies": [[0.778124988079071, 0.776562511920929, 0.723437488079071, 0.682812511920929], [0.815625011920929, 0.856249988079071, 0.807812511920929, 0.793749988079071], [0.832812488079071, 0.862500011920929, 0.8109375238418579, 0.7984374761581421], [0.840624988079071, 0.879687488079071, 0.823437511920929, 0.785937488079071], [0.84375, 0.859375, 0.815625011920929, 0.8031250238418579], [0.846875011920929, 0.879687488079071, 0.846875011920929, 0.824999988079071], [0.8500000238418579, 0.8687499761581421, 0.839062511920929, 0.8359375], [0.890625, 0.9234374761581421, 0.879687488079071, 0.862500011920929], [0.901562511920929, 0.9312499761581421, 0.9140625, 0.893750011920929], [0.9234374761581421, 0.9437500238418579, 0.9296875, 0.921875], [0.948437511920929, 0.9609375, 0.9593750238418579, 0.9312499761581421], [0.953125, 0.96875, 0.9515625238418579, 0.9624999761581421], [0.9609375, 0.9781249761581421, 0.96875, 0.96875], [0.957812488079071, 0.971875011920929, 0.9703124761581421, 0.949999988079071], [0.9703124761581421, 0.979687511920929, 0.973437488079071, 0.9781249761581421], [0.9609375, 0.9750000238418579, 0.965624988079071, 0.9703124761581421]], "dev_per_class_accuracies": [[0.817187488079071, 0.8187500238418579, 0.815625011920929, 0.8062499761581421], [0.8125, 0.890625, 0.807812511920929, 0.824999988079071], [0.8531249761581421, 0.8968750238418579, 0.682812511920929, 0.8203125], [0.854687511920929, 0.8968750238418579, 0.8187500238418579, 0.8453124761581421], [0.854687511920929, 0.8968750238418579, 0.8265625238418579, 0.848437488079071], [0.859375, 0.8984375, 0.8296874761581421, 0.846875011920929], [0.859375, 0.9046875238418579, 0.815625011920929, 0.8578125238418579], [0.8500000238418579, 0.893750011920929, 0.832812488079071, 0.8734375238418579], [0.8500000238418579, 0.895312488079071, 0.8359375, 0.870312511920929], [0.8531249761581421, 0.8828125, 0.8187500238418579, 0.8656250238418579], [0.854687511920929, 0.8828125, 0.8265625238418579, 0.862500011920929], [0.8531249761581421, 0.8890625238418579, 0.831250011920929, 0.8671875], [0.8531249761581421, 0.895312488079071, 0.831250011920929, 0.8671875], [0.8578125238418579, 0.893750011920929, 0.8343750238418579, 0.8656250238418579], [0.859375, 0.895312488079071, 0.832812488079071, 0.859375], [0.8531249761581421, 0.8968750238418579, 0.8296874761581421, 0.8609374761581421]], "train_average_accuracies": [0.740234375, 0.818359375, 0.826171875, 0.8324218988418579, 0.8304687738418579, 0.849609375, 0.848437488079071, 0.8890624642372131, 0.91015625, 0.9296875, 0.9500000476837158, 0.958984375, 0.9691406488418579, 0.9625000357627869, 0.9753906726837158, 0.9679687023162842], "dev_average_accuracies": [0.814453125, 0.833984375, 0.813281238079071, 0.8539062738418579, 0.856640636920929, 0.858593761920929, 0.859375, 0.8625000715255737, 0.8628906011581421, 0.8550781011581421, 0.856640636920929, 0.860156238079071, 0.8617187142372131, 0.8628906011581421, 0.8617187738418579, 0.8601562976837158], "best_epoch": 8, "best_acc": 0.8628906011581421}